rank,bucket,unit_count,amount_cumulative_yen,signature,match_1,match_2,match_3,match_4,match_5,match_6,match_7,match_8,match_9,match_10,match_11,match_12,match_13,proxy_score,note,source_rank
1,base_hot,1,100,2122221221221,2,1,2,2,2,2,1,2,2,1,2,2,1,-5.881733,ベース90口。Hotでもまず1口だけ置く。,1
2,base_hot,1,200,2122221220221,2,1,2,2,2,2,1,2,2,0,2,2,1,-5.888588,ベース90口。Hotでもまず1口だけ置く。,2
3,base_hot,1,300,2120221221221,2,1,2,0,2,2,1,2,2,1,2,2,1,-5.927701,ベース90口。Hotでもまず1口だけ置く。,3
4,base_hot,1,400,2120221220221,2,1,2,0,2,2,1,2,2,0,2,2,1,-5.934556,ベース90口。Hotでもまず1口だけ置く。,4
5,base_hot,1,500,2122220221221,2,1,2,2,2,2,0,2,2,1,2,2,1,-5.945229,ベース90口。Hotでもまず1口だけ置く。,5
6,base_hot,1,600,2122220220221,2,1,2,2,2,2,0,2,2,0,2,2,1,-5.952084,ベース90口。Hotでもまず1口だけ置く。,6
7,base_hot,1,700,2120220221221,2,1,2,0,2,2,0,2,2,1,2,2,1,-5.991196,ベース90口。Hotでもまず1口だけ置く。,7
8,base_hot,1,800,2120220220221,2,1,2,0,2,2,0,2,2,0,2,2,1,-5.998051,ベース90口。Hotでもまず1口だけ置く。,8
9,base_hot,1,900,2122222221221,2,1,2,2,2,2,2,2,2,1,2,2,1,-6.035803,ベース90口。Hotでもまず1口だけ置く。,9
10,base_hot,1,1000,2122222220221,2,1,2,2,2,2,2,2,2,0,2,2,1,-6.042658,ベース90口。Hotでもまず1口だけ置く。,10
11,base_core,1,1100,2120222221221,2,1,2,0,2,2,2,2,2,1,2,2,1,-6.081770,ベース90口。Hotでもまず1口だけ置く。,11
12,base_core,1,1200,2120222220221,2,1,2,0,2,2,2,2,2,0,2,2,1,-6.088625,ベース90口。Hotでもまず1口だけ置く。,12
13,base_core,1,1300,2122021221221,2,1,2,2,0,2,1,2,2,1,2,2,1,-6.153392,ベース90口。Hotでもまず1口だけ置く。,13
14,base_core,1,1400,2122021220221,2,1,2,2,0,2,1,2,2,0,2,2,1,-6.160247,ベース90口。Hotでもまず1口だけ置く。,14
15,base_core,1,1500,2121221221221,2,1,2,1,2,2,1,2,2,1,2,2,1,-6.187189,ベース90口。Hotでもまず1口だけ置く。,15
16,base_core,1,1600,2121221220221,2,1,2,1,2,2,1,2,2,0,2,2,1,-6.194044,ベース90口。Hotでもまず1口だけ置く。,16
17,base_core,1,1700,2120021221221,2,1,2,0,0,2,1,2,2,1,2,2,1,-6.199359,ベース90口。Hotでもまず1口だけ置く。,17
18,base_core,1,1800,2120021220221,2,1,2,0,0,2,1,2,2,0,2,2,1,-6.206214,ベース90口。Hotでもまず1口だけ置く。,18
19,base_core,1,1900,2122221222221,2,1,2,2,2,2,1,2,2,2,2,2,1,-6.215556,ベース90口。Hotでもまず1口だけ置く。,19
20,base_core,1,2000,2122020221221,2,1,2,2,0,2,0,2,2,1,2,2,1,-6.216887,ベース90口。Hotでもまず1口だけ置く。,20
21,base_core,1,2100,2122020220221,2,1,2,2,0,2,0,2,2,0,2,2,1,-6.223742,ベース90口。Hotでもまず1口だけ置く。,21
22,base_core,1,2200,2121220221221,2,1,2,1,2,2,0,2,2,1,2,2,1,-6.250684,ベース90口。Hotでもまず1口だけ置く。,22
23,base_core,1,2300,2121220220221,2,1,2,1,2,2,0,2,2,0,2,2,1,-6.257539,ベース90口。Hotでもまず1口だけ置く。,23
24,base_core,1,2400,2120221222221,2,1,2,0,2,2,1,2,2,2,2,2,1,-6.261524,ベース90口。Hotでもまず1口だけ置く。,24
25,base_core,1,2500,2120020221221,2,1,2,0,0,2,0,2,2,1,2,2,1,-6.262854,ベース90口。Hotでもまず1口だけ置く。,25
26,base_core,1,2600,2120020220221,2,1,2,0,0,2,0,2,2,0,2,2,1,-6.269709,ベース90口。Hotでもまず1口だけ置く。,26
27,base_core,1,2700,2122220222221,2,1,2,2,2,2,0,2,2,2,2,2,1,-6.279052,ベース90口。Hotでもまず1口だけ置く。,27
28,base_core,1,2800,2122022221221,2,1,2,2,0,2,2,2,2,1,2,2,1,-6.307461,ベース90口。Hotでもまず1口だけ置く。,28
29,base_core,1,2900,2122022220221,2,1,2,2,0,2,2,2,2,0,2,2,1,-6.314316,ベース90口。Hotでもまず1口だけ置く。,29
30,base_core,1,3000,2120220222221,2,1,2,0,2,2,0,2,2,2,2,2,1,-6.325019,ベース90口。Hotでもまず1口だけ置く。,30
31,base_core,1,3100,2121222221221,2,1,2,1,2,2,2,2,2,1,2,2,1,-6.341258,ベース90口。Hotでもまず1口だけ置く。,31
32,base_core,1,3200,2121222220221,2,1,2,1,2,2,2,2,2,0,2,2,1,-6.348113,ベース90口。Hotでもまず1口だけ置く。,32
33,base_core,1,3300,2120022221221,2,1,2,0,0,2,2,2,2,1,2,2,1,-6.353429,ベース90口。Hotでもまず1口だけ置く。,33
34,base_core,1,3400,2120022220221,2,1,2,0,0,2,2,2,2,0,2,2,1,-6.360283,ベース90口。Hotでもまず1口だけ置く。,34
35,base_core,1,3500,2122222222221,2,1,2,2,2,2,2,2,2,2,2,2,1,-6.369626,ベース90口。Hotでもまず1口だけ置く。,35
36,base_core,1,3600,2022221221221,2,0,2,2,2,2,1,2,2,1,2,2,1,-6.400634,ベース90口。Hotでもまず1口だけ置く。,36
37,base_core,1,3700,2022221220221,2,0,2,2,2,2,1,2,2,0,2,2,1,-6.407489,ベース90口。Hotでもまず1口だけ置く。,37
38,base_core,1,3800,2120222222221,2,1,2,0,2,2,2,2,2,2,2,2,1,-6.415593,ベース90口。Hotでもまず1口だけ置く。,38
39,base_core,1,3900,2020221221221,2,0,2,0,2,2,1,2,2,1,2,2,1,-6.446602,ベース90口。Hotでもまず1口だけ置く。,39
40,base_core,1,4000,2020221220221,2,0,2,0,2,2,1,2,2,0,2,2,1,-6.453457,ベース90口。Hotでもまず1口だけ置く。,40
41,base_core,1,4100,2121021221221,2,1,2,1,0,2,1,2,2,1,2,2,1,-6.458847,ベース90口。Hotでもまず1口だけ置く。,41
42,base_core,1,4200,2022220221221,2,0,2,2,2,2,0,2,2,1,2,2,1,-6.464130,ベース90口。Hotでもまず1口だけ置く。,42
43,base_core,1,4300,2121021220221,2,1,2,1,0,2,1,2,2,0,2,2,1,-6.465702,ベース90口。Hotでもまず1口だけ置く。,43
44,base_core,1,4400,2022220220221,2,0,2,2,2,2,0,2,2,0,2,2,1,-6.470985,ベース90口。Hotでもまず1口だけ置く。,44
45,base_core,1,4500,2122021222221,2,1,2,2,0,2,1,2,2,2,2,2,1,-6.487214,ベース90口。Hotでもまず1口だけ置く。,45
46,base_core,1,4600,2020220221221,2,0,2,0,2,2,0,2,2,1,2,2,1,-6.510097,ベース90口。Hotでもまず1口だけ置く。,46
47,base_core,1,4700,2020220220221,2,0,2,0,2,2,0,2,2,0,2,2,1,-6.516952,ベース90口。Hotでもまず1口だけ置く。,47
48,base_core,1,4800,2121221222221,2,1,2,1,2,2,1,2,2,2,2,2,1,-6.521012,ベース90口。Hotでもまず1口だけ置く。,48
49,base_core,1,4900,2121020221221,2,1,2,1,0,2,0,2,2,1,2,2,1,-6.522342,ベース90口。Hotでもまず1口だけ置く。,49
50,base_core,1,5000,2121020220221,2,1,2,1,0,2,0,2,2,0,2,2,1,-6.529197,ベース90口。Hotでもまず1口だけ置く。,50
51,base_core,1,5100,2120021222221,2,1,2,0,0,2,1,2,2,2,2,2,1,-6.533182,ベース90口。Hotでもまず1口だけ置く。,51
52,base_core,1,5200,2122020222221,2,1,2,2,0,2,0,2,2,2,2,2,1,-6.550710,ベース90口。Hotでもまず1口だけ置く。,52
53,base_core,1,5300,2022222221221,2,0,2,2,2,2,2,2,2,1,2,2,1,-6.554704,ベース90口。Hotでもまず1口だけ置く。,53
54,base_core,1,5400,2022222220221,2,0,2,2,2,2,2,2,2,0,2,2,1,-6.561559,ベース90口。Hotでもまず1口だけ置く。,54
55,base_core,1,5500,2121220222221,2,1,2,1,2,2,0,2,2,2,2,2,1,-6.584507,ベース90口。Hotでもまず1口だけ置く。,55
56,base_core,1,5600,2120020222221,2,1,2,0,0,2,0,2,2,2,2,2,1,-6.596677,ベース90口。Hotでもまず1口だけ置く。,56
57,base_core,1,5700,2020222221221,2,0,2,0,2,2,2,2,2,1,2,2,1,-6.600671,ベース90口。Hotでもまず1口だけ置く。,57
58,base_core,1,5800,2020222220221,2,0,2,0,2,2,2,2,2,0,2,2,1,-6.607526,ベース90口。Hotでもまず1口だけ置く。,58
59,base_core,1,5900,2121022221221,2,1,2,1,0,2,2,2,2,1,2,2,1,-6.612917,ベース90口。Hotでもまず1口だけ置く。,59
60,base_core,1,6000,2121022220221,2,1,2,1,0,2,2,2,2,0,2,2,1,-6.619772,ベース90口。Hotでもまず1口だけ置く。,60
61,base_core,1,6100,2122022222221,2,1,2,2,0,2,2,2,2,2,2,2,1,-6.641284,ベース90口。Hotでもまず1口だけ置く。,61
62,base_core,1,6200,2022021221221,2,0,2,2,0,2,1,2,2,1,2,2,1,-6.672292,ベース90口。Hotでもまず1口だけ置く。,62
63,base_core,1,6300,2121222222221,2,1,2,1,2,2,2,2,2,2,2,2,1,-6.675081,ベース90口。Hotでもまず1口だけ置く。,63
64,base_core,1,6400,2022021220221,2,0,2,2,0,2,1,2,2,0,2,2,1,-6.679147,ベース90口。Hotでもまず1口だけ置く。,64
65,base_core,1,6500,2120022222221,2,1,2,0,0,2,2,2,2,2,2,2,1,-6.687251,ベース90口。Hotでもまず1口だけ置く。,65
66,base_core,1,6600,2021221221221,2,0,2,1,2,2,1,2,2,1,2,2,1,-6.706090,ベース90口。Hotでもまず1口だけ置く。,66
67,base_core,1,6700,2021221220221,2,0,2,1,2,2,1,2,2,0,2,2,1,-6.712945,ベース90口。Hotでもまず1口だけ置く。,67
68,base_core,1,6800,2020021221221,2,0,2,0,0,2,1,2,2,1,2,2,1,-6.718260,ベース90口。Hotでもまず1口だけ置く。,68
69,base_core,1,6900,2020021220221,2,0,2,0,0,2,1,2,2,0,2,2,1,-6.725115,ベース90口。Hotでもまず1口だけ置く。,69
70,base_core,1,7000,2102221221221,2,1,0,2,2,2,1,2,2,1,2,2,1,-6.727297,ベース90口。Hotでもまず1口だけ置く。,70
71,base_core,1,7100,2102221220221,2,1,0,2,2,2,1,2,2,0,2,2,1,-6.734152,ベース90口。Hotでもまず1口だけ置く。,71
72,base_core,1,7200,2022221222221,2,0,2,2,2,2,1,2,2,2,2,2,1,-6.734457,ベース90口。Hotでもまず1口だけ置く。,72
73,base_core,1,7300,2022020221221,2,0,2,2,0,2,0,2,2,1,2,2,1,-6.735788,ベース90口。Hotでもまず1口だけ置く。,73
74,base_core,1,7400,2022020220221,2,0,2,2,0,2,0,2,2,0,2,2,1,-6.742643,ベース90口。Hotでもまず1口だけ置く。,74
75,base_core,1,7500,2021220221221,2,0,2,1,2,2,0,2,2,1,2,2,1,-6.769585,ベース90口。Hotでもまず1口だけ置く。,75
76,base_core,1,7600,2100221221221,2,1,0,0,2,2,1,2,2,1,2,2,1,-6.773265,ベース90口。Hotでもまず1口だけ置く。,76
77,base_core,1,7700,2021220220221,2,0,2,1,2,2,0,2,2,0,2,2,1,-6.776440,ベース90口。Hotでもまず1口だけ置く。,77
78,base_core,1,7800,2100221220221,2,1,0,0,2,2,1,2,2,0,2,2,1,-6.780120,ベース90口。Hotでもまず1口だけ置く。,78
79,base_core,1,7900,2020221222221,2,0,2,0,2,2,1,2,2,2,2,2,1,-6.780425,ベース90口。Hotでもまず1口だけ置く。,79
80,base_core,1,8000,2020020221221,2,0,2,0,0,2,0,2,2,1,2,2,1,-6.781755,ベース90口。Hotでもまず1口だけ置く。,80
81,base_core,1,8100,2020020220221,2,0,2,0,0,2,0,2,2,0,2,2,1,-6.788610,ベース90口。Hotでもまず1口だけ置く。,81
82,base_core,1,8200,2102220221221,2,1,0,2,2,2,0,2,2,1,2,2,1,-6.790793,ベース90口。Hotでもまず1口だけ置く。,82
83,base_core,1,8300,2121021222221,2,1,2,1,0,2,1,2,2,2,2,2,1,-6.792670,ベース90口。Hotでもまず1口だけ置く。,83
84,base_core,1,8400,2102220220221,2,1,0,2,2,2,0,2,2,0,2,2,1,-6.797648,ベース90口。Hotでもまず1口だけ置く。,84
85,base_core,1,8500,2022220222221,2,0,2,2,2,2,0,2,2,2,2,2,1,-6.797953,ベース90口。Hotでもまず1口だけ置く。,85
86,base_core,1,8600,2022022221221,2,0,2,2,0,2,2,2,2,1,2,2,1,-6.826362,ベース90口。Hotでもまず1口だけ置く。,86
87,base_core,1,8700,2022022220221,2,0,2,2,0,2,2,2,2,0,2,2,1,-6.833217,ベース90口。Hotでもまず1口だけ置く。,87
88,base_core,1,8800,2100220221221,2,1,0,0,2,2,0,2,2,1,2,2,1,-6.836760,ベース90口。Hotでもまず1口だけ置く。,88
89,base_core,1,8900,2100220220221,2,1,0,0,2,2,0,2,2,0,2,2,1,-6.843615,ベース90口。Hotでもまず1口だけ置く。,89
90,base_core,1,9000,2020220222221,2,0,2,0,2,2,0,2,2,2,2,2,1,-6.843920,ベース90口。Hotでもまず1口だけ置く。,90
