rank,amount_cumulative_yen,pick_list,M01 エクアドル vs ドイツ,M02 日本 vs スウェーデン,M03 ウルグアイ vs スペイン,M04 コロンビア vs ポルトガル,M05 アルジェリア vs オーストリア,M06 チュニジア vs オランダ,M07 パラグアイ vs オーストラリア,M08 ノルウェー vs フランス,M09 パナマ vs イングランド,M10 コンゴ民主共和国 vs ウズベキスタン,M11 ヨルダン vs アルゼンチン,M12 ニュージーランド vs ベルギー,M13 クロアチア vs ガーナ,signature,match_1,match_2,match_3,match_4,match_5,match_6,match_7,match_8,match_9,match_10,match_11,match_12,match_13,bucket,source_rank,unit_count,proxy_score,note
1,100,2 1 2 2 2 2 0 2 2 1 2 2 1,2: ドイツ勝ち,1: 日本勝ち,2: スペイン勝ち,2: ポルトガル勝ち,2: オーストリア勝ち,2: オランダ勝ち,0: 引き分け,2: フランス勝ち,2: イングランド勝ち,1: コンゴ民主共和国勝ち,2: アルゼンチン勝ち,2: ベルギー勝ち,1: クロアチア勝ち,2122220221221,2,1,2,2,2,2,0,2,2,1,2,2,1,direct,1,1,-6.125311,重複なしの直接購入行。1行を1口だけ買う。
2,200,2 1 2 0 2 2 0 2 2 1 2 2 1,2: ドイツ勝ち,1: 日本勝ち,2: スペイン勝ち,0: 引き分け,2: オーストリア勝ち,2: オランダ勝ち,0: 引き分け,2: フランス勝ち,2: イングランド勝ち,1: コンゴ民主共和国勝ち,2: アルゼンチン勝ち,2: ベルギー勝ち,1: クロアチア勝ち,2120220221221,2,1,2,0,2,2,0,2,2,1,2,2,1,direct,2,1,-6.165714,重複なしの直接購入行。1行を1口だけ買う。
3,300,2 1 2 2 0 2 0 2 2 1 2 2 1,2: ドイツ勝ち,1: 日本勝ち,2: スペイン勝ち,2: ポルトガル勝ち,0: 引き分け,2: オランダ勝ち,0: 引き分け,2: フランス勝ち,2: イングランド勝ち,1: コンゴ民主共和国勝ち,2: アルゼンチン勝ち,2: ベルギー勝ち,1: クロアチア勝ち,2122020221221,2,1,2,2,0,2,0,2,2,1,2,2,1,direct,3,1,-6.175750,重複なしの直接購入行。1行を1口だけ買う。
4,400,2 1 2 0 0 2 0 2 2 1 2 2 1,2: ドイツ勝ち,1: 日本勝ち,2: スペイン勝ち,0: 引き分け,0: 引き分け,2: オランダ勝ち,0: 引き分け,2: フランス勝ち,2: イングランド勝ち,1: コンゴ民主共和国勝ち,2: アルゼンチン勝ち,2: ベルギー勝ち,1: クロアチア勝ち,2120020221221,2,1,2,0,0,2,0,2,2,1,2,2,1,direct,4,1,-6.216153,重複なしの直接購入行。1行を1口だけ買う。
5,500,2 1 2 2 2 2 2 2 2 1 2 2 1,2: ドイツ勝ち,1: 日本勝ち,2: スペイン勝ち,2: ポルトガル勝ち,2: オーストリア勝ち,2: オランダ勝ち,2: オーストラリア勝ち,2: フランス勝ち,2: イングランド勝ち,1: コンゴ民主共和国勝ち,2: アルゼンチン勝ち,2: ベルギー勝ち,1: クロアチア勝ち,2122222221221,2,1,2,2,2,2,2,2,2,1,2,2,1,direct,5,1,-6.248992,重複なしの直接購入行。1行を1口だけ買う。
6,600,2 1 2 0 2 2 2 2 2 1 2 2 1,2: ドイツ勝ち,1: 日本勝ち,2: スペイン勝ち,0: 引き分け,2: オーストリア勝ち,2: オランダ勝ち,2: オーストラリア勝ち,2: フランス勝ち,2: イングランド勝ち,1: コンゴ民主共和国勝ち,2: アルゼンチン勝ち,2: ベルギー勝ち,1: クロアチア勝ち,2120222221221,2,1,2,0,2,2,2,2,2,1,2,2,1,direct,6,1,-6.289395,重複なしの直接購入行。1行を1口だけ買う。
7,700,2 1 2 2 0 2 2 2 2 1 2 2 1,2: ドイツ勝ち,1: 日本勝ち,2: スペイン勝ち,2: ポルトガル勝ち,0: 引き分け,2: オランダ勝ち,2: オーストラリア勝ち,2: フランス勝ち,2: イングランド勝ち,1: コンゴ民主共和国勝ち,2: アルゼンチン勝ち,2: ベルギー勝ち,1: クロアチア勝ち,2122022221221,2,1,2,2,0,2,2,2,2,1,2,2,1,direct,7,1,-6.299431,重複なしの直接購入行。1行を1口だけ買う。
8,800,2 1 2 2 2 2 1 2 2 1 2 2 1,2: ドイツ勝ち,1: 日本勝ち,2: スペイン勝ち,2: ポルトガル勝ち,2: オーストリア勝ち,2: オランダ勝ち,1: パラグアイ勝ち,2: フランス勝ち,2: イングランド勝ち,1: コンゴ民主共和国勝ち,2: アルゼンチン勝ち,2: ベルギー勝ち,1: クロアチア勝ち,2122221221221,2,1,2,2,2,2,1,2,2,1,2,2,1,direct,8,1,-6.332023,重複なしの直接購入行。1行を1口だけ買う。
9,900,2 1 2 0 0 2 2 2 2 1 2 2 1,2: ドイツ勝ち,1: 日本勝ち,2: スペイン勝ち,0: 引き分け,0: 引き分け,2: オランダ勝ち,2: オーストラリア勝ち,2: フランス勝ち,2: イングランド勝ち,1: コンゴ民主共和国勝ち,2: アルゼンチン勝ち,2: ベルギー勝ち,1: クロアチア勝ち,2120022221221,2,1,2,0,0,2,2,2,2,1,2,2,1,direct,9,1,-6.339834,重複なしの直接購入行。1行を1口だけ買う。
10,1000,2 1 2 0 2 2 1 2 2 1 2 2 1,2: ドイツ勝ち,1: 日本勝ち,2: スペイン勝ち,0: 引き分け,2: オーストリア勝ち,2: オランダ勝ち,1: パラグアイ勝ち,2: フランス勝ち,2: イングランド勝ち,1: コンゴ民主共和国勝ち,2: アルゼンチン勝ち,2: ベルギー勝ち,1: クロアチア勝ち,2120221221221,2,1,2,0,2,2,1,2,2,1,2,2,1,direct,10,1,-6.372425,重複なしの直接購入行。1行を1口だけ買う。
11,1100,2 1 2 2 0 2 1 2 2 1 2 2 1,2: ドイツ勝ち,1: 日本勝ち,2: スペイン勝ち,2: ポルトガル勝ち,0: 引き分け,2: オランダ勝ち,1: パラグアイ勝ち,2: フランス勝ち,2: イングランド勝ち,1: コンゴ民主共和国勝ち,2: アルゼンチン勝ち,2: ベルギー勝ち,1: クロアチア勝ち,2122021221221,2,1,2,2,0,2,1,2,2,1,2,2,1,direct,11,1,-6.382462,重複なしの直接購入行。1行を1口だけ買う。
12,1200,2 1 2 0 0 2 1 2 2 1 2 2 1,2: ドイツ勝ち,1: 日本勝ち,2: スペイン勝ち,0: 引き分け,0: 引き分け,2: オランダ勝ち,1: パラグアイ勝ち,2: フランス勝ち,2: イングランド勝ち,1: コンゴ民主共和国勝ち,2: アルゼンチン勝ち,2: ベルギー勝ち,1: クロアチア勝ち,2120021221221,2,1,2,0,0,2,1,2,2,1,2,2,1,direct,12,1,-6.422865,重複なしの直接購入行。1行を1口だけ買う。
13,1300,2 1 2 2 2 2 0 2 2 1 2 2 0,2: ドイツ勝ち,1: 日本勝ち,2: スペイン勝ち,2: ポルトガル勝ち,2: オーストリア勝ち,2: オランダ勝ち,0: 引き分け,2: フランス勝ち,2: イングランド勝ち,1: コンゴ民主共和国勝ち,2: アルゼンチン勝ち,2: ベルギー勝ち,0: 引き分け,2122220221220,2,1,2,2,2,2,0,2,2,1,2,2,0,direct,13,1,-6.433738,重複なしの直接購入行。1行を1口だけ買う。
14,1400,2 1 2 0 2 2 0 2 2 1 2 2 0,2: ドイツ勝ち,1: 日本勝ち,2: スペイン勝ち,0: 引き分け,2: オーストリア勝ち,2: オランダ勝ち,0: 引き分け,2: フランス勝ち,2: イングランド勝ち,1: コンゴ民主共和国勝ち,2: アルゼンチン勝ち,2: ベルギー勝ち,0: 引き分け,2120220221220,2,1,2,0,2,2,0,2,2,1,2,2,0,direct,14,1,-6.474141,重複なしの直接購入行。1行を1口だけ買う。
15,1500,2 1 2 2 0 2 0 2 2 1 2 2 0,2: ドイツ勝ち,1: 日本勝ち,2: スペイン勝ち,2: ポルトガル勝ち,0: 引き分け,2: オランダ勝ち,0: 引き分け,2: フランス勝ち,2: イングランド勝ち,1: コンゴ民主共和国勝ち,2: アルゼンチン勝ち,2: ベルギー勝ち,0: 引き分け,2122020221220,2,1,2,2,0,2,0,2,2,1,2,2,0,direct,15,1,-6.484178,重複なしの直接購入行。1行を1口だけ買う。
16,1600,2 1 2 0 0 2 0 2 2 1 2 2 0,2: ドイツ勝ち,1: 日本勝ち,2: スペイン勝ち,0: 引き分け,0: 引き分け,2: オランダ勝ち,0: 引き分け,2: フランス勝ち,2: イングランド勝ち,1: コンゴ民主共和国勝ち,2: アルゼンチン勝ち,2: ベルギー勝ち,0: 引き分け,2120020221220,2,1,2,0,0,2,0,2,2,1,2,2,0,direct,16,1,-6.524580,重複なしの直接購入行。1行を1口だけ買う。
17,1700,2 1 2 2 2 2 2 2 2 1 2 2 0,2: ドイツ勝ち,1: 日本勝ち,2: スペイン勝ち,2: ポルトガル勝ち,2: オーストリア勝ち,2: オランダ勝ち,2: オーストラリア勝ち,2: フランス勝ち,2: イングランド勝ち,1: コンゴ民主共和国勝ち,2: アルゼンチン勝ち,2: ベルギー勝ち,0: 引き分け,2122222221220,2,1,2,2,2,2,2,2,2,1,2,2,0,direct,17,1,-6.557420,重複なしの直接購入行。1行を1口だけ買う。
18,1800,2 1 2 2 2 2 0 2 2 0 2 2 1,2: ドイツ勝ち,1: 日本勝ち,2: スペイン勝ち,2: ポルトガル勝ち,2: オーストリア勝ち,2: オランダ勝ち,0: 引き分け,2: フランス勝ち,2: イングランド勝ち,0: 引き分け,2: アルゼンチン勝ち,2: ベルギー勝ち,1: クロアチア勝ち,2122220220221,2,1,2,2,2,2,0,2,2,0,2,2,1,direct,18,1,-6.580919,重複なしの直接購入行。1行を1口だけ買う。
19,1900,2 1 2 0 2 2 2 2 2 1 2 2 0,2: ドイツ勝ち,1: 日本勝ち,2: スペイン勝ち,0: 引き分け,2: オーストリア勝ち,2: オランダ勝ち,2: オーストラリア勝ち,2: フランス勝ち,2: イングランド勝ち,1: コンゴ民主共和国勝ち,2: アルゼンチン勝ち,2: ベルギー勝ち,0: 引き分け,2120222221220,2,1,2,0,2,2,2,2,2,1,2,2,0,direct,19,1,-6.597822,重複なしの直接購入行。1行を1口だけ買う。
20,2000,2 1 2 2 0 2 2 2 2 1 2 2 0,2: ドイツ勝ち,1: 日本勝ち,2: スペイン勝ち,2: ポルトガル勝ち,0: 引き分け,2: オランダ勝ち,2: オーストラリア勝ち,2: フランス勝ち,2: イングランド勝ち,1: コンゴ民主共和国勝ち,2: アルゼンチン勝ち,2: ベルギー勝ち,0: 引き分け,2122022221220,2,1,2,2,0,2,2,2,2,1,2,2,0,direct,20,1,-6.607859,重複なしの直接購入行。1行を1口だけ買う。
21,2100,2 1 2 0 2 2 0 2 2 0 2 2 1,2: ドイツ勝ち,1: 日本勝ち,2: スペイン勝ち,0: 引き分け,2: オーストリア勝ち,2: オランダ勝ち,0: 引き分け,2: フランス勝ち,2: イングランド勝ち,0: 引き分け,2: アルゼンチン勝ち,2: ベルギー勝ち,1: クロアチア勝ち,2120220220221,2,1,2,0,2,2,0,2,2,0,2,2,1,direct,21,1,-6.621322,重複なしの直接購入行。1行を1口だけ買う。
22,2200,2 1 2 2 0 2 0 2 2 0 2 2 1,2: ドイツ勝ち,1: 日本勝ち,2: スペイン勝ち,2: ポルトガル勝ち,0: 引き分け,2: オランダ勝ち,0: 引き分け,2: フランス勝ち,2: イングランド勝ち,0: 引き分け,2: アルゼンチン勝ち,2: ベルギー勝ち,1: クロアチア勝ち,2122020220221,2,1,2,2,0,2,0,2,2,0,2,2,1,direct,22,1,-6.631359,重複なしの直接購入行。1行を1口だけ買う。
23,2300,2 1 2 2 2 2 0 0 2 1 2 2 1,2: ドイツ勝ち,1: 日本勝ち,2: スペイン勝ち,2: ポルトガル勝ち,2: オーストリア勝ち,2: オランダ勝ち,0: 引き分け,0: 引き分け,2: イングランド勝ち,1: コンゴ民主共和国勝ち,2: アルゼンチン勝ち,2: ベルギー勝ち,1: クロアチア勝ち,2122220021221,2,1,2,2,2,2,0,0,2,1,2,2,1,direct,23,1,-6.633289,重複なしの直接購入行。1行を1口だけ買う。
24,2400,2 1 2 2 2 2 1 2 2 1 2 2 0,2: ドイツ勝ち,1: 日本勝ち,2: スペイン勝ち,2: ポルトガル勝ち,2: オーストリア勝ち,2: オランダ勝ち,1: パラグアイ勝ち,2: フランス勝ち,2: イングランド勝ち,1: コンゴ民主共和国勝ち,2: アルゼンチン勝ち,2: ベルギー勝ち,0: 引き分け,2122221221220,2,1,2,2,2,2,1,2,2,1,2,2,0,direct,24,1,-6.640450,重複なしの直接購入行。1行を1口だけ買う。
25,2500,2 1 2 0 0 2 2 2 2 1 2 2 0,2: ドイツ勝ち,1: 日本勝ち,2: スペイン勝ち,0: 引き分け,0: 引き分け,2: オランダ勝ち,2: オーストラリア勝ち,2: フランス勝ち,2: イングランド勝ち,1: コンゴ民主共和国勝ち,2: アルゼンチン勝ち,2: ベルギー勝ち,0: 引き分け,2120022221220,2,1,2,0,0,2,2,2,2,1,2,2,0,direct,25,1,-6.648261,重複なしの直接購入行。1行を1口だけ買う。
26,2600,2 1 2 1 2 2 0 2 2 1 2 2 1,2: ドイツ勝ち,1: 日本勝ち,2: スペイン勝ち,1: コロンビア勝ち,2: オーストリア勝ち,2: オランダ勝ち,0: 引き分け,2: フランス勝ち,2: イングランド勝ち,1: コンゴ民主共和国勝ち,2: アルゼンチン勝ち,2: ベルギー勝ち,1: クロアチア勝ち,2121220221221,2,1,2,1,2,2,0,2,2,1,2,2,1,direct,26,1,-6.663702,重複なしの直接購入行。1行を1口だけ買う。
27,2700,2 1 2 0 0 2 0 2 2 0 2 2 1,2: ドイツ勝ち,1: 日本勝ち,2: スペイン勝ち,0: 引き分け,0: 引き分け,2: オランダ勝ち,0: 引き分け,2: フランス勝ち,2: イングランド勝ち,0: 引き分け,2: アルゼンチン勝ち,2: ベルギー勝ち,1: クロアチア勝ち,2120020220221,2,1,2,0,0,2,0,2,2,0,2,2,1,direct,27,1,-6.671761,重複なしの直接購入行。1行を1口だけ買う。
28,2800,2 1 2 0 2 2 0 0 2 1 2 2 1,2: ドイツ勝ち,1: 日本勝ち,2: スペイン勝ち,0: 引き分け,2: オーストリア勝ち,2: オランダ勝ち,0: 引き分け,0: 引き分け,2: イングランド勝ち,1: コンゴ民主共和国勝ち,2: アルゼンチン勝ち,2: ベルギー勝ち,1: クロアチア勝ち,2120220021221,2,1,2,0,2,2,0,0,2,1,2,2,1,direct,28,1,-6.673692,重複なしの直接購入行。1行を1口だけ買う。
29,2900,2 1 2 0 2 2 1 2 2 1 2 2 0,2: ドイツ勝ち,1: 日本勝ち,2: スペイン勝ち,0: 引き分け,2: オーストリア勝ち,2: オランダ勝ち,1: パラグアイ勝ち,2: フランス勝ち,2: イングランド勝ち,1: コンゴ民主共和国勝ち,2: アルゼンチン勝ち,2: ベルギー勝ち,0: 引き分け,2120221221220,2,1,2,0,2,2,1,2,2,1,2,2,0,direct,29,1,-6.680853,重複なしの直接購入行。1行を1口だけ買う。
30,3000,2 1 2 2 0 2 0 0 2 1 2 2 1,2: ドイツ勝ち,1: 日本勝ち,2: スペイン勝ち,2: ポルトガル勝ち,0: 引き分け,2: オランダ勝ち,0: 引き分け,0: 引き分け,2: イングランド勝ち,1: コンゴ民主共和国勝ち,2: アルゼンチン勝ち,2: ベルギー勝ち,1: クロアチア勝ち,2122020021221,2,1,2,2,0,2,0,0,2,1,2,2,1,direct,30,1,-6.683728,重複なしの直接購入行。1行を1口だけ買う。
31,3100,2 1 2 2 0 2 1 2 2 1 2 2 0,2: ドイツ勝ち,1: 日本勝ち,2: スペイン勝ち,2: ポルトガル勝ち,0: 引き分け,2: オランダ勝ち,1: パラグアイ勝ち,2: フランス勝ち,2: イングランド勝ち,1: コンゴ民主共和国勝ち,2: アルゼンチン勝ち,2: ベルギー勝ち,0: 引き分け,2122021221220,2,1,2,2,0,2,1,2,2,1,2,2,0,direct,31,1,-6.690889,重複なしの直接購入行。1行を1口だけ買う。
32,3200,2 1 2 2 2 2 2 2 2 0 2 2 1,2: ドイツ勝ち,1: 日本勝ち,2: スペイン勝ち,2: ポルトガル勝ち,2: オーストリア勝ち,2: オランダ勝ち,2: オーストラリア勝ち,2: フランス勝ち,2: イングランド勝ち,0: 引き分け,2: アルゼンチン勝ち,2: ベルギー勝ち,1: クロアチア勝ち,2122222220221,2,1,2,2,2,2,2,2,2,0,2,2,1,direct,32,1,-6.704601,重複なしの直接購入行。1行を1口だけ買う。
33,3300,2 1 2 1 0 2 0 2 2 1 2 2 1,2: ドイツ勝ち,1: 日本勝ち,2: スペイン勝ち,1: コロンビア勝ち,0: 引き分け,2: オランダ勝ち,0: 引き分け,2: フランス勝ち,2: イングランド勝ち,1: コンゴ民主共和国勝ち,2: アルゼンチン勝ち,2: ベルギー勝ち,1: クロアチア勝ち,2121020221221,2,1,2,1,0,2,0,2,2,1,2,2,1,direct,33,1,-6.714141,重複なしの直接購入行。1行を1口だけ買う。
34,3400,2 1 2 0 0 2 0 0 2 1 2 2 1,2: ドイツ勝ち,1: 日本勝ち,2: スペイン勝ち,0: 引き分け,0: 引き分け,2: オランダ勝ち,0: 引き分け,0: 引き分け,2: イングランド勝ち,1: コンゴ民主共和国勝ち,2: アルゼンチン勝ち,2: ベルギー勝ち,1: クロアチア勝ち,2120020021221,2,1,2,0,0,2,0,0,2,1,2,2,1,direct,34,1,-6.724131,重複なしの直接購入行。1行を1口だけ買う。
35,3500,2 1 2 0 0 2 1 2 2 1 2 2 0,2: ドイツ勝ち,1: 日本勝ち,2: スペイン勝ち,0: 引き分け,0: 引き分け,2: オランダ勝ち,1: パラグアイ勝ち,2: フランス勝ち,2: イングランド勝ち,1: コンゴ民主共和国勝ち,2: アルゼンチン勝ち,2: ベルギー勝ち,0: 引き分け,2120021221220,2,1,2,0,0,2,1,2,2,1,2,2,0,direct,35,1,-6.731292,重複なしの直接購入行。1行を1口だけ買う。
36,3600,2 1 2 0 2 2 2 2 2 0 2 2 1,2: ドイツ勝ち,1: 日本勝ち,2: スペイン勝ち,0: 引き分け,2: オーストリア勝ち,2: オランダ勝ち,2: オーストラリア勝ち,2: フランス勝ち,2: イングランド勝ち,0: 引き分け,2: アルゼンチン勝ち,2: ベルギー勝ち,1: クロアチア勝ち,2120222220221,2,1,2,0,2,2,2,2,2,0,2,2,1,direct,36,1,-6.745003,重複なしの直接購入行。1行を1口だけ買う。
37,3700,2 1 2 2 0 2 2 2 2 0 2 2 1,2: ドイツ勝ち,1: 日本勝ち,2: スペイン勝ち,2: ポルトガル勝ち,0: 引き分け,2: オランダ勝ち,2: オーストラリア勝ち,2: フランス勝ち,2: イングランド勝ち,0: 引き分け,2: アルゼンチン勝ち,2: ベルギー勝ち,1: クロアチア勝ち,2122022220221,2,1,2,2,0,2,2,2,2,0,2,2,1,direct,37,1,-6.755040,重複なしの直接購入行。1行を1口だけ買う。
38,3800,2 1 2 2 2 2 2 0 2 1 2 2 1,2: ドイツ勝ち,1: 日本勝ち,2: スペイン勝ち,2: ポルトガル勝ち,2: オーストリア勝ち,2: オランダ勝ち,2: オーストラリア勝ち,0: 引き分け,2: イングランド勝ち,1: コンゴ民主共和国勝ち,2: アルゼンチン勝ち,2: ベルギー勝ち,1: クロアチア勝ち,2122222021221,2,1,2,2,2,2,2,0,2,1,2,2,1,direct,38,1,-6.756970,重複なしの直接購入行。1行を1口だけ買う。
39,3900,2 1 2 1 2 2 2 2 2 1 2 2 1,2: ドイツ勝ち,1: 日本勝ち,2: スペイン勝ち,1: コロンビア勝ち,2: オーストリア勝ち,2: オランダ勝ち,2: オーストラリア勝ち,2: フランス勝ち,2: イングランド勝ち,1: コンゴ民主共和国勝ち,2: アルゼンチン勝ち,2: ベルギー勝ち,1: クロアチア勝ち,2121222221221,2,1,2,1,2,2,2,2,2,1,2,2,1,direct,39,1,-6.787383,重複なしの直接購入行。1行を1口だけ買う。
40,4000,2 1 2 2 2 2 1 2 2 0 2 2 1,2: ドイツ勝ち,1: 日本勝ち,2: スペイン勝ち,2: ポルトガル勝ち,2: オーストリア勝ち,2: オランダ勝ち,1: パラグアイ勝ち,2: フランス勝ち,2: イングランド勝ち,0: 引き分け,2: アルゼンチン勝ち,2: ベルギー勝ち,1: クロアチア勝ち,2122221220221,2,1,2,2,2,2,1,2,2,0,2,2,1,direct,40,1,-6.787631,重複なしの直接購入行。1行を1口だけ買う。
41,4100,2 1 2 0 0 2 2 2 2 0 2 2 1,2: ドイツ勝ち,1: 日本勝ち,2: スペイン勝ち,0: 引き分け,0: 引き分け,2: オランダ勝ち,2: オーストラリア勝ち,2: フランス勝ち,2: イングランド勝ち,0: 引き分け,2: アルゼンチン勝ち,2: ベルギー勝ち,1: クロアチア勝ち,2120022220221,2,1,2,0,0,2,2,2,2,0,2,2,1,direct,41,1,-6.795442,重複なしの直接購入行。1行を1口だけ買う。
42,4200,2 1 2 0 2 2 2 0 2 1 2 2 1,2: ドイツ勝ち,1: 日本勝ち,2: スペイン勝ち,0: 引き分け,2: オーストリア勝ち,2: オランダ勝ち,2: オーストラリア勝ち,0: 引き分け,2: イングランド勝ち,1: コンゴ民主共和国勝ち,2: アルゼンチン勝ち,2: ベルギー勝ち,1: クロアチア勝ち,2120222021221,2,1,2,0,2,2,2,0,2,1,2,2,1,direct,42,1,-6.797373,重複なしの直接購入行。1行を1口だけ買う。
43,4300,2 1 2 2 0 2 2 0 2 1 2 2 1,2: ドイツ勝ち,1: 日本勝ち,2: スペイン勝ち,2: ポルトガル勝ち,0: 引き分け,2: オランダ勝ち,2: オーストラリア勝ち,0: 引き分け,2: イングランド勝ち,1: コンゴ民主共和国勝ち,2: アルゼンチン勝ち,2: ベルギー勝ち,1: クロアチア勝ち,2122022021221,2,1,2,2,0,2,2,0,2,1,2,2,1,direct,43,1,-6.807410,重複なしの直接購入行。1行を1口だけ買う。
44,4400,2 0 2 2 2 2 0 2 2 1 2 2 1,2: ドイツ勝ち,0: 引き分け,2: スペイン勝ち,2: ポルトガル勝ち,2: オーストリア勝ち,2: オランダ勝ち,0: 引き分け,2: フランス勝ち,2: イングランド勝ち,1: コンゴ民主共和国勝ち,2: アルゼンチン勝ち,2: ベルギー勝ち,1: クロアチア勝ち,2022220221221,2,0,2,2,2,2,0,2,2,1,2,2,1,direct,44,1,-6.808771,重複なしの直接購入行。1行を1口だけ買う。
45,4500,2 1 2 0 2 2 1 2 2 0 2 2 1,2: ドイツ勝ち,1: 日本勝ち,2: スペイン勝ち,0: 引き分け,2: オーストリア勝ち,2: オランダ勝ち,1: パラグアイ勝ち,2: フランス勝ち,2: イングランド勝ち,0: 引き分け,2: アルゼンチン勝ち,2: ベルギー勝ち,1: クロアチア勝ち,2120221220221,2,1,2,0,2,2,1,2,2,0,2,2,1,direct,45,1,-6.828034,重複なしの直接購入行。1行を1口だけ買う。
46,4600,2 1 2 1 0 2 2 2 2 1 2 2 1,2: ドイツ勝ち,1: 日本勝ち,2: スペイン勝ち,1: コロンビア勝ち,0: 引き分け,2: オランダ勝ち,2: オーストラリア勝ち,2: フランス勝ち,2: イングランド勝ち,1: コンゴ民主共和国勝ち,2: アルゼンチン勝ち,2: ベルギー勝ち,1: クロアチア勝ち,2121022221221,2,1,2,1,0,2,2,2,2,1,2,2,1,direct,46,1,-6.837823,重複なしの直接購入行。1行を1口だけ買う。
47,4700,2 1 2 2 0 2 1 2 2 0 2 2 1,2: ドイツ勝ち,1: 日本勝ち,2: スペイン勝ち,2: ポルトガル勝ち,0: 引き分け,2: オランダ勝ち,1: パラグアイ勝ち,2: フランス勝ち,2: イングランド勝ち,0: 引き分け,2: アルゼンチン勝ち,2: ベルギー勝ち,1: クロアチア勝ち,2122021220221,2,1,2,2,0,2,1,2,2,0,2,2,1,direct,47,1,-6.838071,重複なしの直接購入行。1行を1口だけ買う。
48,4800,2 1 2 2 2 2 1 0 2 1 2 2 1,2: ドイツ勝ち,1: 日本勝ち,2: スペイン勝ち,2: ポルトガル勝ち,2: オーストリア勝ち,2: オランダ勝ち,1: パラグアイ勝ち,0: 引き分け,2: イングランド勝ち,1: コンゴ民主共和国勝ち,2: アルゼンチン勝ち,2: ベルギー勝ち,1: クロアチア勝ち,2122221021221,2,1,2,2,2,2,1,0,2,1,2,2,1,direct,48,1,-6.840001,重複なしの直接購入行。1行を1口だけ買う。
49,4900,2 1 2 0 0 2 2 0 2 1 2 2 1,2: ドイツ勝ち,1: 日本勝ち,2: スペイン勝ち,0: 引き分け,0: 引き分け,2: オランダ勝ち,2: オーストラリア勝ち,0: 引き分け,2: イングランド勝ち,1: コンゴ民主共和国勝ち,2: アルゼンチン勝ち,2: ベルギー勝ち,1: クロアチア勝ち,2120022021221,2,1,2,0,0,2,2,0,2,1,2,2,1,direct,49,1,-6.847812,重複なしの直接購入行。1行を1口だけ買う。
50,5000,2 0 2 0 2 2 0 2 2 1 2 2 1,2: ドイツ勝ち,0: 引き分け,2: スペイン勝ち,0: 引き分け,2: オーストリア勝ち,2: オランダ勝ち,0: 引き分け,2: フランス勝ち,2: イングランド勝ち,1: コンゴ民主共和国勝ち,2: アルゼンチン勝ち,2: ベルギー勝ち,1: クロアチア勝ち,2020220221221,2,0,2,0,2,2,0,2,2,1,2,2,1,direct,50,1,-6.849174,重複なしの直接購入行。1行を1口だけ買う。
51,5100,2 0 2 2 0 2 0 2 2 1 2 2 1,2: ドイツ勝ち,0: 引き分け,2: スペイン勝ち,2: ポルトガル勝ち,0: 引き分け,2: オランダ勝ち,0: 引き分け,2: フランス勝ち,2: イングランド勝ち,1: コンゴ民主共和国勝ち,2: アルゼンチン勝ち,2: ベルギー勝ち,1: クロアチア勝ち,2022020221221,2,0,2,2,0,2,0,2,2,1,2,2,1,direct,51,1,-6.859211,重複なしの直接購入行。1行を1口だけ買う。
52,5200,2 1 2 1 2 2 1 2 2 1 2 2 1,2: ドイツ勝ち,1: 日本勝ち,2: スペイン勝ち,1: コロンビア勝ち,2: オーストリア勝ち,2: オランダ勝ち,1: パラグアイ勝ち,2: フランス勝ち,2: イングランド勝ち,1: コンゴ民主共和国勝ち,2: アルゼンチン勝ち,2: ベルギー勝ち,1: クロアチア勝ち,2121221221221,2,1,2,1,2,2,1,2,2,1,2,2,1,direct,52,1,-6.870414,重複なしの直接購入行。1行を1口だけ買う。
53,5300,2 1 2 0 0 2 1 2 2 0 2 2 1,2: ドイツ勝ち,1: 日本勝ち,2: スペイン勝ち,0: 引き分け,0: 引き分け,2: オランダ勝ち,1: パラグアイ勝ち,2: フランス勝ち,2: イングランド勝ち,0: 引き分け,2: アルゼンチン勝ち,2: ベルギー勝ち,1: クロアチア勝ち,2120021220221,2,1,2,0,0,2,1,2,2,0,2,2,1,direct,53,1,-6.878473,重複なしの直接購入行。1行を1口だけ買う。
54,5400,2 1 2 0 2 2 1 0 2 1 2 2 1,2: ドイツ勝ち,1: 日本勝ち,2: スペイン勝ち,0: 引き分け,2: オーストリア勝ち,2: オランダ勝ち,1: パラグアイ勝ち,0: 引き分け,2: イングランド勝ち,1: コンゴ民主共和国勝ち,2: アルゼンチン勝ち,2: ベルギー勝ち,1: クロアチア勝ち,2120221021221,2,1,2,0,2,2,1,0,2,1,2,2,1,direct,54,1,-6.880404,重複なしの直接購入行。1行を1口だけ買う。
55,5500,2 1 2 2 2 2 0 2 2 0 2 2 0,2: ドイツ勝ち,1: 日本勝ち,2: スペイン勝ち,2: ポルトガル勝ち,2: オーストリア勝ち,2: オランダ勝ち,0: 引き分け,2: フランス勝ち,2: イングランド勝ち,0: 引き分け,2: アルゼンチン勝ち,2: ベルギー勝ち,0: 引き分け,2122220220220,2,1,2,2,2,2,0,2,2,0,2,2,0,direct,55,1,-6.889347,重複なしの直接購入行。1行を1口だけ買う。
56,5600,2 1 2 2 0 2 1 0 2 1 2 2 1,2: ドイツ勝ち,1: 日本勝ち,2: スペイン勝ち,2: ポルトガル勝ち,0: 引き分け,2: オランダ勝ち,1: パラグアイ勝ち,0: 引き分け,2: イングランド勝ち,1: コンゴ民主共和国勝ち,2: アルゼンチン勝ち,2: ベルギー勝ち,1: クロアチア勝ち,2122021021221,2,1,2,2,0,2,1,0,2,1,2,2,1,direct,56,1,-6.890440,重複なしの直接購入行。1行を1口だけ買う。
57,5700,2 0 2 0 0 2 0 2 2 1 2 2 1,2: ドイツ勝ち,0: 引き分け,2: スペイン勝ち,0: 引き分け,0: 引き分け,2: オランダ勝ち,0: 引き分け,2: フランス勝ち,2: イングランド勝ち,1: コンゴ民主共和国勝ち,2: アルゼンチン勝ち,2: ベルギー勝ち,1: クロアチア勝ち,2020020221221,2,0,2,0,0,2,0,2,2,1,2,2,1,direct,57,1,-6.899613,重複なしの直接購入行。1行を1口だけ買う。
58,5800,2 1 2 1 0 2 1 2 2 1 2 2 1,2: ドイツ勝ち,1: 日本勝ち,2: スペイン勝ち,1: コロンビア勝ち,0: 引き分け,2: オランダ勝ち,1: パラグアイ勝ち,2: フランス勝ち,2: イングランド勝ち,1: コンゴ民主共和国勝ち,2: アルゼンチン勝ち,2: ベルギー勝ち,1: クロアチア勝ち,2121021221221,2,1,2,1,0,2,1,2,2,1,2,2,1,direct,58,1,-6.920853,重複なしの直接購入行。1行を1口だけ買う。
59,5900,2 1 0 2 2 2 0 2 2 1 2 2 1,2: ドイツ勝ち,1: 日本勝ち,0: 引き分け,2: ポルトガル勝ち,2: オーストリア勝ち,2: オランダ勝ち,0: 引き分け,2: フランス勝ち,2: イングランド勝ち,1: コンゴ民主共和国勝ち,2: アルゼンチン勝ち,2: ベルギー勝ち,1: クロアチア勝ち,2102220221221,2,1,0,2,2,2,0,2,2,1,2,2,1,direct,59,1,-6.929451,重複なしの直接購入行。1行を1口だけ買う。
60,6000,2 1 2 0 2 2 0 2 2 0 2 2 0,2: ドイツ勝ち,1: 日本勝ち,2: スペイン勝ち,0: 引き分け,2: オーストリア勝ち,2: オランダ勝ち,0: 引き分け,2: フランス勝ち,2: イングランド勝ち,0: 引き分け,2: アルゼンチン勝ち,2: ベルギー勝ち,0: 引き分け,2120220220220,2,1,2,0,2,2,0,2,2,0,2,2,0,direct,60,1,-6.929749,重複なしの直接購入行。1行を1口だけ買う。
61,6100,2 1 2 0 0 2 1 0 2 1 2 2 1,2: ドイツ勝ち,1: 日本勝ち,2: スペイン勝ち,0: 引き分け,0: 引き分け,2: オランダ勝ち,1: パラグアイ勝ち,0: 引き分け,2: イングランド勝ち,1: コンゴ民主共和国勝ち,2: アルゼンチン勝ち,2: ベルギー勝ち,1: クロアチア勝ち,2120021021221,2,1,2,0,0,2,1,0,2,1,2,2,1,direct,61,1,-6.930843,重複なしの直接購入行。1行を1口だけ買う。
62,6200,2 0 2 2 2 2 2 2 2 1 2 2 1,2: ドイツ勝ち,0: 引き分け,2: スペイン勝ち,2: ポルトガル勝ち,2: オーストリア勝ち,2: オランダ勝ち,2: オーストラリア勝ち,2: フランス勝ち,2: イングランド勝ち,1: コンゴ民主共和国勝ち,2: アルゼンチン勝ち,2: ベルギー勝ち,1: クロアチア勝ち,2022222221221,2,0,2,2,2,2,2,2,2,1,2,2,1,direct,62,1,-6.932453,重複なしの直接購入行。1行を1口だけ買う。
63,6300,2 1 2 2 0 2 0 2 2 0 2 2 0,2: ドイツ勝ち,1: 日本勝ち,2: スペイン勝ち,2: ポルトガル勝ち,0: 引き分け,2: オランダ勝ち,0: 引き分け,2: フランス勝ち,2: イングランド勝ち,0: 引き分け,2: アルゼンチン勝ち,2: ベルギー勝ち,0: 引き分け,2122020220220,2,1,2,2,0,2,0,2,2,0,2,2,0,direct,63,1,-6.939786,重複なしの直接購入行。1行を1口だけ買う。
64,6400,2 1 2 2 2 2 0 0 2 1 2 2 0,2: ドイツ勝ち,1: 日本勝ち,2: スペイン勝ち,2: ポルトガル勝ち,2: オーストリア勝ち,2: オランダ勝ち,0: 引き分け,0: 引き分け,2: イングランド勝ち,1: コンゴ民主共和国勝ち,2: アルゼンチン勝ち,2: ベルギー勝ち,0: 引き分け,2122220021220,2,1,2,2,2,2,0,0,2,1,2,2,0,direct,64,1,-6.941716,重複なしの直接購入行。1行を1口だけ買う。
65,6500,2 1 0 0 2 2 0 2 2 1 2 2 1,2: ドイツ勝ち,1: 日本勝ち,0: 引き分け,0: 引き分け,2: オーストリア勝ち,2: オランダ勝ち,0: 引き分け,2: フランス勝ち,2: イングランド勝ち,1: コンゴ民主共和国勝ち,2: アルゼンチン勝ち,2: ベルギー勝ち,1: クロアチア勝ち,2100220221221,2,1,0,0,2,2,0,2,2,1,2,2,1,direct,65,1,-6.969853,重複なしの直接購入行。1行を1口だけ買う。
66,6600,2 1 2 1 2 2 0 2 2 1 2 2 0,2: ドイツ勝ち,1: 日本勝ち,2: スペイン勝ち,1: コロンビア勝ち,2: オーストリア勝ち,2: オランダ勝ち,0: 引き分け,2: フランス勝ち,2: イングランド勝ち,1: コンゴ民主共和国勝ち,2: アルゼンチン勝ち,2: ベルギー勝ち,0: 引き分け,2121220221220,2,1,2,1,2,2,0,2,2,1,2,2,0,direct,66,1,-6.972130,重複なしの直接購入行。1行を1口だけ買う。
67,6700,2 0 2 0 2 2 2 2 2 1 2 2 1,2: ドイツ勝ち,0: 引き分け,2: スペイン勝ち,0: 引き分け,2: オーストリア勝ち,2: オランダ勝ち,2: オーストラリア勝ち,2: フランス勝ち,2: イングランド勝ち,1: コンゴ民主共和国勝ち,2: アルゼンチン勝ち,2: ベルギー勝ち,1: クロアチア勝ち,2020222221221,2,0,2,0,2,2,2,2,2,1,2,2,1,direct,67,1,-6.972855,重複なしの直接購入行。1行を1口だけ買う。
68,6800,2 1 0 2 0 2 0 2 2 1 2 2 1,2: ドイツ勝ち,1: 日本勝ち,0: 引き分け,2: ポルトガル勝ち,0: 引き分け,2: オランダ勝ち,0: 引き分け,2: フランス勝ち,2: イングランド勝ち,1: コンゴ民主共和国勝ち,2: アルゼンチン勝ち,2: ベルギー勝ち,1: クロアチア勝ち,2102020221221,2,1,0,2,0,2,0,2,2,1,2,2,1,direct,68,1,-6.979890,重複なしの直接購入行。1行を1口だけ買う。
69,6900,2 1 2 0 0 2 0 2 2 0 2 2 0,2: ドイツ勝ち,1: 日本勝ち,2: スペイン勝ち,0: 引き分け,0: 引き分け,2: オランダ勝ち,0: 引き分け,2: フランス勝ち,2: イングランド勝ち,0: 引き分け,2: アルゼンチン勝ち,2: ベルギー勝ち,0: 引き分け,2120020220220,2,1,2,0,0,2,0,2,2,0,2,2,0,direct,69,1,-6.980189,重複なしの直接購入行。1行を1口だけ買う。
70,7000,2 1 2 0 2 2 0 0 2 1 2 2 0,2: ドイツ勝ち,1: 日本勝ち,2: スペイン勝ち,0: 引き分け,2: オーストリア勝ち,2: オランダ勝ち,0: 引き分け,0: 引き分け,2: イングランド勝ち,1: コンゴ民主共和国勝ち,2: アルゼンチン勝ち,2: ベルギー勝ち,0: 引き分け,2120220021220,2,1,2,0,2,2,0,0,2,1,2,2,0,direct,70,1,-6.982119,重複なしの直接購入行。1行を1口だけ買う。
71,7100,2 0 2 2 0 2 2 2 2 1 2 2 1,2: ドイツ勝ち,0: 引き分け,2: スペイン勝ち,2: ポルトガル勝ち,0: 引き分け,2: オランダ勝ち,2: オーストラリア勝ち,2: フランス勝ち,2: イングランド勝ち,1: コンゴ民主共和国勝ち,2: アルゼンチン勝ち,2: ベルギー勝ち,1: クロアチア勝ち,2022022221221,2,0,2,2,0,2,2,2,2,1,2,2,1,direct,71,1,-6.982892,重複なしの直接購入行。1行を1口だけ買う。
72,7200,2 1 2 2 0 2 0 0 2 1 2 2 0,2: ドイツ勝ち,1: 日本勝ち,2: スペイン勝ち,2: ポルトガル勝ち,0: 引き分け,2: オランダ勝ち,0: 引き分け,0: 引き分け,2: イングランド勝ち,1: コンゴ民主共和国勝ち,2: アルゼンチン勝ち,2: ベルギー勝ち,0: 引き分け,2122020021220,2,1,2,2,0,2,0,0,2,1,2,2,0,direct,72,1,-6.992156,重複なしの直接購入行。1行を1口だけ買う。
73,7300,2 1 2 2 2 2 2 2 2 0 2 2 0,2: ドイツ勝ち,1: 日本勝ち,2: スペイン勝ち,2: ポルトガル勝ち,2: オーストリア勝ち,2: オランダ勝ち,2: オーストラリア勝ち,2: フランス勝ち,2: イングランド勝ち,0: 引き分け,2: アルゼンチン勝ち,2: ベルギー勝ち,0: 引き分け,2122222220220,2,1,2,2,2,2,2,2,2,0,2,2,0,direct,73,1,-7.013028,重複なしの直接購入行。1行を1口だけ買う。
74,7400,2 0 2 2 2 2 1 2 2 1 2 2 1,2: ドイツ勝ち,0: 引き分け,2: スペイン勝ち,2: ポルトガル勝ち,2: オーストリア勝ち,2: オランダ勝ち,1: パラグアイ勝ち,2: フランス勝ち,2: イングランド勝ち,1: コンゴ民主共和国勝ち,2: アルゼンチン勝ち,2: ベルギー勝ち,1: クロアチア勝ち,2022221221221,2,0,2,2,2,2,1,2,2,1,2,2,1,direct,74,1,-7.015483,重複なしの直接購入行。1行を1口だけ買う。
75,7500,2 1 0 0 0 2 0 2 2 1 2 2 1,2: ドイツ勝ち,1: 日本勝ち,0: 引き分け,0: 引き分け,0: 引き分け,2: オランダ勝ち,0: 引き分け,2: フランス勝ち,2: イングランド勝ち,1: コンゴ民主共和国勝ち,2: アルゼンチン勝ち,2: ベルギー勝ち,1: クロアチア勝ち,2100020221221,2,1,0,0,0,2,0,2,2,1,2,2,1,direct,75,1,-7.020293,重複なしの直接購入行。1行を1口だけ買う。
76,7600,2 1 2 1 0 2 0 2 2 1 2 2 0,2: ドイツ勝ち,1: 日本勝ち,2: スペイン勝ち,1: コロンビア勝ち,0: 引き分け,2: オランダ勝ち,0: 引き分け,2: フランス勝ち,2: イングランド勝ち,1: コンゴ民主共和国勝ち,2: アルゼンチン勝ち,2: ベルギー勝ち,0: 引き分け,2121020221220,2,1,2,1,0,2,0,2,2,1,2,2,0,direct,76,1,-7.022569,重複なしの直接購入行。1行を1口だけ買う。
77,7700,2 0 2 0 0 2 2 2 2 1 2 2 1,2: ドイツ勝ち,0: 引き分け,2: スペイン勝ち,0: 引き分け,0: 引き分け,2: オランダ勝ち,2: オーストラリア勝ち,2: フランス勝ち,2: イングランド勝ち,1: コンゴ民主共和国勝ち,2: アルゼンチン勝ち,2: ベルギー勝ち,1: クロアチア勝ち,2020022221221,2,0,2,0,0,2,2,2,2,1,2,2,1,direct,77,1,-7.023294,重複なしの直接購入行。1行を1口だけ買う。
78,7800,2 1 2 0 0 2 0 0 2 1 2 2 0,2: ドイツ勝ち,1: 日本勝ち,2: スペイン勝ち,0: 引き分け,0: 引き分け,2: オランダ勝ち,0: 引き分け,0: 引き分け,2: イングランド勝ち,1: コンゴ民主共和国勝ち,2: アルゼンチン勝ち,2: ベルギー勝ち,0: 引き分け,2120020021220,2,1,2,0,0,2,0,0,2,1,2,2,0,direct,78,1,-7.032558,重複なしの直接購入行。1行を1口だけ買う。
79,7900,2 1 0 2 2 2 2 2 2 1 2 2 1,2: ドイツ勝ち,1: 日本勝ち,0: 引き分け,2: ポルトガル勝ち,2: オーストリア勝ち,2: オランダ勝ち,2: オーストラリア勝ち,2: フランス勝ち,2: イングランド勝ち,1: コンゴ民主共和国勝ち,2: アルゼンチン勝ち,2: ベルギー勝ち,1: クロアチア勝ち,2102222221221,2,1,0,2,2,2,2,2,2,1,2,2,1,direct,79,1,-7.053132,重複なしの直接購入行。1行を1口だけ買う。
80,8000,2 1 2 0 2 2 2 2 2 0 2 2 0,2: ドイツ勝ち,1: 日本勝ち,2: スペイン勝ち,0: 引き分け,2: オーストリア勝ち,2: オランダ勝ち,2: オーストラリア勝ち,2: フランス勝ち,2: イングランド勝ち,0: 引き分け,2: アルゼンチン勝ち,2: ベルギー勝ち,0: 引き分け,2120222220220,2,1,2,0,2,2,2,2,2,0,2,2,0,direct,80,1,-7.053431,重複なしの直接購入行。1行を1口だけ買う。
81,8100,2 0 2 0 2 2 1 2 2 1 2 2 1,2: ドイツ勝ち,0: 引き分け,2: スペイン勝ち,0: 引き分け,2: オーストリア勝ち,2: オランダ勝ち,1: パラグアイ勝ち,2: フランス勝ち,2: イングランド勝ち,1: コンゴ民主共和国勝ち,2: アルゼンチン勝ち,2: ベルギー勝ち,1: クロアチア勝ち,2020221221221,2,0,2,0,2,2,1,2,2,1,2,2,1,direct,81,1,-7.055886,重複なしの直接購入行。1行を1口だけ買う。
82,8200,2 1 2 2 0 2 2 2 2 0 2 2 0,2: ドイツ勝ち,1: 日本勝ち,2: スペイン勝ち,2: ポルトガル勝ち,0: 引き分け,2: オランダ勝ち,2: オーストラリア勝ち,2: フランス勝ち,2: イングランド勝ち,0: 引き分け,2: アルゼンチン勝ち,2: ベルギー勝ち,0: 引き分け,2122022220220,2,1,2,2,0,2,2,2,2,0,2,2,0,direct,82,1,-7.063467,重複なしの直接購入行。1行を1口だけ買う。
83,8300,2 1 2 2 2 2 2 0 2 1 2 2 0,2: ドイツ勝ち,1: 日本勝ち,2: スペイン勝ち,2: ポルトガル勝ち,2: オーストリア勝ち,2: オランダ勝ち,2: オーストラリア勝ち,0: 引き分け,2: イングランド勝ち,1: コンゴ民主共和国勝ち,2: アルゼンチン勝ち,2: ベルギー勝ち,0: 引き分け,2122222021220,2,1,2,2,2,2,2,0,2,1,2,2,0,direct,83,1,-7.065398,重複なしの直接購入行。1行を1口だけ買う。
84,8400,2 0 2 2 0 2 1 2 2 1 2 2 1,2: ドイツ勝ち,0: 引き分け,2: スペイン勝ち,2: ポルトガル勝ち,0: 引き分け,2: オランダ勝ち,1: パラグアイ勝ち,2: フランス勝ち,2: イングランド勝ち,1: コンゴ民主共和国勝ち,2: アルゼンチン勝ち,2: ベルギー勝ち,1: クロアチア勝ち,2022021221221,2,0,2,2,0,2,1,2,2,1,2,2,1,direct,84,1,-7.065922,重複なしの直接購入行。1行を1口だけ買う。
85,8500,2 1 2 2 2 2 0 0 2 0 2 2 1,2: ドイツ勝ち,1: 日本勝ち,2: スペイン勝ち,2: ポルトガル勝ち,2: オーストリア勝ち,2: オランダ勝ち,0: 引き分け,0: 引き分け,2: イングランド勝ち,0: 引き分け,2: アルゼンチン勝ち,2: ベルギー勝ち,1: クロアチア勝ち,2122220020221,2,1,2,2,2,2,0,0,2,0,2,2,1,direct,85,1,-7.088898,重複なしの直接購入行。1行を1口だけ買う。
86,8600,2 1 0 0 2 2 2 2 2 1 2 2 1,2: ドイツ勝ち,1: 日本勝ち,0: 引き分け,0: 引き分け,2: オーストリア勝ち,2: オランダ勝ち,2: オーストラリア勝ち,2: フランス勝ち,2: イングランド勝ち,1: コンゴ民主共和国勝ち,2: アルゼンチン勝ち,2: ベルギー勝ち,1: クロアチア勝ち,2100222221221,2,1,0,0,2,2,2,2,2,1,2,2,1,direct,86,1,-7.093535,重複なしの直接購入行。1行を1口だけ買う。
87,8700,2 1 2 1 2 2 2 2 2 1 2 2 0,2: ドイツ勝ち,1: 日本勝ち,2: スペイン勝ち,1: コロンビア勝ち,2: オーストリア勝ち,2: オランダ勝ち,2: オーストラリア勝ち,2: フランス勝ち,2: イングランド勝ち,1: コンゴ民主共和国勝ち,2: アルゼンチン勝ち,2: ベルギー勝ち,0: 引き分け,2121222221220,2,1,2,1,2,2,2,2,2,1,2,2,0,direct,87,1,-7.095811,重複なしの直接購入行。1行を1口だけ買う。
88,8800,2 1 2 2 2 2 1 2 2 0 2 2 0,2: ドイツ勝ち,1: 日本勝ち,2: スペイン勝ち,2: ポルトガル勝ち,2: オーストリア勝ち,2: オランダ勝ち,1: パラグアイ勝ち,2: フランス勝ち,2: イングランド勝ち,0: 引き分け,2: アルゼンチン勝ち,2: ベルギー勝ち,0: 引き分け,2122221220220,2,1,2,2,2,2,1,2,2,0,2,2,0,direct,88,1,-7.096059,重複なしの直接購入行。1行を1口だけ買う。
89,8900,2 1 0 2 0 2 2 2 2 1 2 2 1,2: ドイツ勝ち,1: 日本勝ち,0: 引き分け,2: ポルトガル勝ち,0: 引き分け,2: オランダ勝ち,2: オーストラリア勝ち,2: フランス勝ち,2: イングランド勝ち,1: コンゴ民主共和国勝ち,2: アルゼンチン勝ち,2: ベルギー勝ち,1: クロアチア勝ち,2102022221221,2,1,0,2,0,2,2,2,2,1,2,2,1,direct,89,1,-7.103571,重複なしの直接購入行。1行を1口だけ買う。
90,9000,2 1 2 0 0 2 2 2 2 0 2 2 0,2: ドイツ勝ち,1: 日本勝ち,2: スペイン勝ち,0: 引き分け,0: 引き分け,2: オランダ勝ち,2: オーストラリア勝ち,2: フランス勝ち,2: イングランド勝ち,0: 引き分け,2: アルゼンチン勝ち,2: ベルギー勝ち,0: 引き分け,2120022220220,2,1,2,0,0,2,2,2,2,0,2,2,0,direct,90,1,-7.103870,重複なしの直接購入行。1行を1口だけ買う。
91,9100,2 1 2 0 2 2 2 0 2 1 2 2 0,2: ドイツ勝ち,1: 日本勝ち,2: スペイン勝ち,0: 引き分け,2: オーストリア勝ち,2: オランダ勝ち,2: オーストラリア勝ち,0: 引き分け,2: イングランド勝ち,1: コンゴ民主共和国勝ち,2: アルゼンチン勝ち,2: ベルギー勝ち,0: 引き分け,2120222021220,2,1,2,0,2,2,2,0,2,1,2,2,0,direct,91,1,-7.105800,重複なしの直接購入行。1行を1口だけ買う。
92,9200,2 0 2 0 0 2 1 2 2 1 2 2 1,2: ドイツ勝ち,0: 引き分け,2: スペイン勝ち,0: 引き分け,0: 引き分け,2: オランダ勝ち,1: パラグアイ勝ち,2: フランス勝ち,2: イングランド勝ち,1: コンゴ民主共和国勝ち,2: アルゼンチン勝ち,2: ベルギー勝ち,1: クロアチア勝ち,2020021221221,2,0,2,0,0,2,1,2,2,1,2,2,1,direct,92,1,-7.106325,重複なしの直接購入行。1行を1口だけ買う。
93,9300,2 1 2 2 0 2 2 0 2 1 2 2 0,2: ドイツ勝ち,1: 日本勝ち,2: スペイン勝ち,2: ポルトガル勝ち,0: 引き分け,2: オランダ勝ち,2: オーストラリア勝ち,0: 引き分け,2: イングランド勝ち,1: コンゴ民主共和国勝ち,2: アルゼンチン勝ち,2: ベルギー勝ち,0: 引き分け,2122022021220,2,1,2,2,0,2,2,0,2,1,2,2,0,direct,93,1,-7.115837,重複なしの直接購入行。1行を1口だけ買う。
94,9400,2 0 2 2 2 2 0 2 2 1 2 2 0,2: ドイツ勝ち,0: 引き分け,2: スペイン勝ち,2: ポルトガル勝ち,2: オーストリア勝ち,2: オランダ勝ち,0: 引き分け,2: フランス勝ち,2: イングランド勝ち,1: コンゴ民主共和国勝ち,2: アルゼンチン勝ち,2: ベルギー勝ち,0: 引き分け,2022220221220,2,0,2,2,2,2,0,2,2,1,2,2,0,direct,94,1,-7.117199,重複なしの直接購入行。1行を1口だけ買う。
95,9500,2 1 2 1 2 2 0 2 2 0 2 2 1,2: ドイツ勝ち,1: 日本勝ち,2: スペイン勝ち,1: コロンビア勝ち,2: オーストリア勝ち,2: オランダ勝ち,0: 引き分け,2: フランス勝ち,2: イングランド勝ち,0: 引き分け,2: アルゼンチン勝ち,2: ベルギー勝ち,1: クロアチア勝ち,2121220220221,2,1,2,1,2,2,0,2,2,0,2,2,1,direct,95,1,-7.119311,重複なしの直接購入行。1行を1口だけ買う。
96,9600,2 1 2 0 2 2 0 0 2 0 2 2 1,2: ドイツ勝ち,1: 日本勝ち,2: スペイン勝ち,0: 引き分け,2: オーストリア勝ち,2: オランダ勝ち,0: 引き分け,0: 引き分け,2: イングランド勝ち,0: 引き分け,2: アルゼンチン勝ち,2: ベルギー勝ち,1: クロアチア勝ち,2120220020221,2,1,2,0,2,2,0,0,2,0,2,2,1,direct,96,1,-7.129300,重複なしの直接購入行。1行を1口だけ買う。
97,9700,0 1 2 2 2 2 0 2 2 1 2 2 1,0: 引き分け,1: 日本勝ち,2: スペイン勝ち,2: ポルトガル勝ち,2: オーストリア勝ち,2: オランダ勝ち,0: 引き分け,2: フランス勝ち,2: イングランド勝ち,1: コンゴ民主共和国勝ち,2: アルゼンチン勝ち,2: ベルギー勝ち,1: クロアチア勝ち,0122220221221,0,1,2,2,2,2,0,2,2,1,2,2,1,direct,97,1,-7.133141,重複なしの直接購入行。1行を1口だけ買う。
98,9800,2 1 0 2 2 2 1 2 2 1 2 2 1,2: ドイツ勝ち,1: 日本勝ち,0: 引き分け,2: ポルトガル勝ち,2: オーストリア勝ち,2: オランダ勝ち,1: パラグアイ勝ち,2: フランス勝ち,2: イングランド勝ち,1: コンゴ民主共和国勝ち,2: アルゼンチン勝ち,2: ベルギー勝ち,1: クロアチア勝ち,2102221221221,2,1,0,2,2,2,1,2,2,1,2,2,1,direct,98,1,-7.136163,重複なしの直接購入行。1行を1口だけ買う。
99,9900,2 1 2 0 2 2 1 2 2 0 2 2 0,2: ドイツ勝ち,1: 日本勝ち,2: スペイン勝ち,0: 引き分け,2: オーストリア勝ち,2: オランダ勝ち,1: パラグアイ勝ち,2: フランス勝ち,2: イングランド勝ち,0: 引き分け,2: アルゼンチン勝ち,2: ベルギー勝ち,0: 引き分け,2120221220220,2,1,2,0,2,2,1,2,2,0,2,2,0,direct,99,1,-7.136461,重複なしの直接購入行。1行を1口だけ買う。
100,10000,2 1 2 2 0 2 0 0 2 0 2 2 1,2: ドイツ勝ち,1: 日本勝ち,2: スペイン勝ち,2: ポルトガル勝ち,0: 引き分け,2: オランダ勝ち,0: 引き分け,0: 引き分け,2: イングランド勝ち,0: 引き分け,2: アルゼンチン勝ち,2: ベルギー勝ち,1: クロアチア勝ち,2122020020221,2,1,2,2,0,2,0,0,2,0,2,2,1,direct,100,1,-7.139337,重複なしの直接購入行。1行を1口だけ買う。
101,10100,2 1 0 0 0 2 2 2 2 1 2 2 1,2: ドイツ勝ち,1: 日本勝ち,0: 引き分け,0: 引き分け,0: 引き分け,2: オランダ勝ち,2: オーストラリア勝ち,2: フランス勝ち,2: イングランド勝ち,1: コンゴ民主共和国勝ち,2: アルゼンチン勝ち,2: ベルギー勝ち,1: クロアチア勝ち,2100022221221,2,1,0,0,0,2,2,2,2,1,2,2,1,direct,101,1,-7.143974,重複なしの直接購入行。1行を1口だけ買う。
102,10200,2 1 2 1 0 2 2 2 2 1 2 2 0,2: ドイツ勝ち,1: 日本勝ち,2: スペイン勝ち,1: コロンビア勝ち,0: 引き分け,2: オランダ勝ち,2: オーストラリア勝ち,2: フランス勝ち,2: イングランド勝ち,1: コンゴ民主共和国勝ち,2: アルゼンチン勝ち,2: ベルギー勝ち,0: 引き分け,2121022221220,2,1,2,1,0,2,2,2,2,1,2,2,0,direct,102,1,-7.146250,重複なしの直接購入行。1行を1口だけ買う。
103,10300,2 1 2 2 0 2 1 2 2 0 2 2 0,2: ドイツ勝ち,1: 日本勝ち,2: スペイン勝ち,2: ポルトガル勝ち,0: 引き分け,2: オランダ勝ち,1: パラグアイ勝ち,2: フランス勝ち,2: イングランド勝ち,0: 引き分け,2: アルゼンチン勝ち,2: ベルギー勝ち,0: 引き分け,2122021220220,2,1,2,2,0,2,1,2,2,0,2,2,0,direct,103,1,-7.146498,重複なしの直接購入行。1行を1口だけ買う。
104,10400,2 1 2 2 2 2 1 0 2 1 2 2 0,2: ドイツ勝ち,1: 日本勝ち,2: スペイン勝ち,2: ポルトガル勝ち,2: オーストリア勝ち,2: オランダ勝ち,1: パラグアイ勝ち,0: 引き分け,2: イングランド勝ち,1: コンゴ民主共和国勝ち,2: アルゼンチン勝ち,2: ベルギー勝ち,0: 引き分け,2122221021220,2,1,2,2,2,2,1,0,2,1,2,2,0,direct,104,1,-7.148428,重複なしの直接購入行。1行を1口だけ買う。
105,10500,2 1 2 0 0 2 2 0 2 1 2 2 0,2: ドイツ勝ち,1: 日本勝ち,2: スペイン勝ち,0: 引き分け,0: 引き分け,2: オランダ勝ち,2: オーストラリア勝ち,0: 引き分け,2: イングランド勝ち,1: コンゴ民主共和国勝ち,2: アルゼンチン勝ち,2: ベルギー勝ち,0: 引き分け,2120022021220,2,1,2,0,0,2,2,0,2,1,2,2,0,direct,105,1,-7.156239,重複なしの直接購入行。1行を1口だけ買う。
106,10600,2 0 2 0 2 2 0 2 2 1 2 2 0,2: ドイツ勝ち,0: 引き分け,2: スペイン勝ち,0: 引き分け,2: オーストリア勝ち,2: オランダ勝ち,0: 引き分け,2: フランス勝ち,2: イングランド勝ち,1: コンゴ民主共和国勝ち,2: アルゼンチン勝ち,2: ベルギー勝ち,0: 引き分け,2020220221220,2,0,2,0,2,2,0,2,2,1,2,2,0,direct,106,1,-7.157601,重複なしの直接購入行。1行を1口だけ買う。
107,10700,2 0 2 2 0 2 0 2 2 1 2 2 0,2: ドイツ勝ち,0: 引き分け,2: スペイン勝ち,2: ポルトガル勝ち,0: 引き分け,2: オランダ勝ち,0: 引き分け,2: フランス勝ち,2: イングランド勝ち,1: コンゴ民主共和国勝ち,2: アルゼンチン勝ち,2: ベルギー勝ち,0: 引き分け,2022020221220,2,0,2,2,0,2,0,2,2,1,2,2,0,direct,107,1,-7.167638,重複なしの直接購入行。1行を1口だけ買う。
108,10800,2 1 2 1 0 2 0 2 2 0 2 2 1,2: ドイツ勝ち,1: 日本勝ち,2: スペイン勝ち,1: コロンビア勝ち,0: 引き分け,2: オランダ勝ち,0: 引き分け,2: フランス勝ち,2: イングランド勝ち,0: 引き分け,2: アルゼンチン勝ち,2: ベルギー勝ち,1: クロアチア勝ち,2121020220221,2,1,2,1,0,2,0,2,2,0,2,2,1,direct,108,1,-7.169750,重複なしの直接購入行。1行を1口だけ買う。
109,10900,2 1 2 1 2 2 0 0 2 1 2 2 1,2: ドイツ勝ち,1: 日本勝ち,2: スペイン勝ち,1: コロンビア勝ち,2: オーストリア勝ち,2: オランダ勝ち,0: 引き分け,0: 引き分け,2: イングランド勝ち,1: コンゴ民主共和国勝ち,2: アルゼンチン勝ち,2: ベルギー勝ち,1: クロアチア勝ち,2121220021221,2,1,2,1,2,2,0,0,2,1,2,2,1,direct,109,1,-7.171680,重複なしの直接購入行。1行を1口だけ買う。
110,11000,0 1 2 0 2 2 0 2 2 1 2 2 1,0: 引き分け,1: 日本勝ち,2: スペイン勝ち,0: 引き分け,2: オーストリア勝ち,2: オランダ勝ち,0: 引き分け,2: フランス勝ち,2: イングランド勝ち,1: コンゴ民主共和国勝ち,2: アルゼンチン勝ち,2: ベルギー勝ち,1: クロアチア勝ち,0120220221221,0,1,2,0,2,2,0,2,2,1,2,2,1,direct,110,1,-7.173543,重複なしの直接購入行。1行を1口だけ買う。
111,11100,2 1 0 0 2 2 1 2 2 1 2 2 1,2: ドイツ勝ち,1: 日本勝ち,0: 引き分け,0: 引き分け,2: オーストリア勝ち,2: オランダ勝ち,1: パラグアイ勝ち,2: フランス勝ち,2: イングランド勝ち,1: コンゴ民主共和国勝ち,2: アルゼンチン勝ち,2: ベルギー勝ち,1: クロアチア勝ち,2100221221221,2,1,0,0,2,2,1,2,2,1,2,2,1,direct,111,1,-7.176565,重複なしの直接購入行。1行を1口だけ買う。
112,11200,2 1 2 1 2 2 1 2 2 1 2 2 0,2: ドイツ勝ち,1: 日本勝ち,2: スペイン勝ち,1: コロンビア勝ち,2: オーストリア勝ち,2: オランダ勝ち,1: パラグアイ勝ち,2: フランス勝ち,2: イングランド勝ち,1: コンゴ民主共和国勝ち,2: アルゼンチン勝ち,2: ベルギー勝ち,0: 引き分け,2121221221220,2,1,2,1,2,2,1,2,2,1,2,2,0,direct,112,1,-7.178842,重複なしの直接購入行。1行を1口だけ買う。
113,11300,2 1 2 0 0 2 0 0 2 0 2 2 1,2: ドイツ勝ち,1: 日本勝ち,2: スペイン勝ち,0: 引き分け,0: 引き分け,2: オランダ勝ち,0: 引き分け,0: 引き分け,2: イングランド勝ち,0: 引き分け,2: アルゼンチン勝ち,2: ベルギー勝ち,1: クロアチア勝ち,2120020020221,2,1,2,0,0,2,0,0,2,0,2,2,1,direct,113,1,-7.179739,重複なしの直接購入行。1行を1口だけ買う。
114,11400,0 1 2 2 0 2 0 2 2 1 2 2 1,0: 引き分け,1: 日本勝ち,2: スペイン勝ち,2: ポルトガル勝ち,0: 引き分け,2: オランダ勝ち,0: 引き分け,2: フランス勝ち,2: イングランド勝ち,1: コンゴ民主共和国勝ち,2: アルゼンチン勝ち,2: ベルギー勝ち,1: クロアチア勝ち,0122020221221,0,1,2,2,0,2,0,2,2,1,2,2,1,direct,114,1,-7.183580,重複なしの直接購入行。1行を1口だけ買う。
115,11500,2 1 0 2 0 2 1 2 2 1 2 2 1,2: ドイツ勝ち,1: 日本勝ち,0: 引き分け,2: ポルトガル勝ち,0: 引き分け,2: オランダ勝ち,1: パラグアイ勝ち,2: フランス勝ち,2: イングランド勝ち,1: コンゴ民主共和国勝ち,2: アルゼンチン勝ち,2: ベルギー勝ち,1: クロアチア勝ち,2102021221221,2,1,0,2,0,2,1,2,2,1,2,2,1,direct,115,1,-7.186602,重複なしの直接購入行。1行を1口だけ買う。
116,11600,2 1 2 0 0 2 1 2 2 0 2 2 0,2: ドイツ勝ち,1: 日本勝ち,2: スペイン勝ち,0: 引き分け,0: 引き分け,2: オランダ勝ち,1: パラグアイ勝ち,2: フランス勝ち,2: イングランド勝ち,0: 引き分け,2: アルゼンチン勝ち,2: ベルギー勝ち,0: 引き分け,2120021220220,2,1,2,0,0,2,1,2,2,0,2,2,0,direct,116,1,-7.186900,重複なしの直接購入行。1行を1口だけ買う。
117,11700,2 1 2 0 2 2 1 0 2 1 2 2 0,2: ドイツ勝ち,1: 日本勝ち,2: スペイン勝ち,0: 引き分け,2: オーストリア勝ち,2: オランダ勝ち,1: パラグアイ勝ち,0: 引き分け,2: イングランド勝ち,1: コンゴ民主共和国勝ち,2: アルゼンチン勝ち,2: ベルギー勝ち,0: 引き分け,2120221021220,2,1,2,0,2,2,1,0,2,1,2,2,0,direct,117,1,-7.188831,重複なしの直接購入行。1行を1口だけ買う。
118,11800,2 1 2 2 0 2 1 0 2 1 2 2 0,2: ドイツ勝ち,1: 日本勝ち,2: スペイン勝ち,2: ポルトガル勝ち,0: 引き分け,2: オランダ勝ち,1: パラグアイ勝ち,0: 引き分け,2: イングランド勝ち,1: コンゴ民主共和国勝ち,2: アルゼンチン勝ち,2: ベルギー勝ち,0: 引き分け,2122021021220,2,1,2,2,0,2,1,0,2,1,2,2,0,direct,118,1,-7.198868,重複なしの直接購入行。1行を1口だけ買う。
119,11900,2 0 2 0 0 2 0 2 2 1 2 2 0,2: ドイツ勝ち,0: 引き分け,2: スペイン勝ち,0: 引き分け,0: 引き分け,2: オランダ勝ち,0: 引き分け,2: フランス勝ち,2: イングランド勝ち,1: コンゴ民主共和国勝ち,2: アルゼンチン勝ち,2: ベルギー勝ち,0: 引き分け,2020020221220,2,0,2,0,0,2,0,2,2,1,2,2,0,direct,119,1,-7.208040,重複なしの直接購入行。1行を1口だけ買う。
120,12000,2 1 2 2 2 2 2 0 2 0 2 2 1,2: ドイツ勝ち,1: 日本勝ち,2: スペイン勝ち,2: ポルトガル勝ち,2: オーストリア勝ち,2: オランダ勝ち,2: オーストラリア勝ち,0: 引き分け,2: イングランド勝ち,0: 引き分け,2: アルゼンチン勝ち,2: ベルギー勝ち,1: クロアチア勝ち,2122222020221,2,1,2,2,2,2,2,0,2,0,2,2,1,direct,120,1,-7.212579,重複なしの直接購入行。1行を1口だけ買う。
121,12100,2 1 2 1 0 2 0 0 2 1 2 2 1,2: ドイツ勝ち,1: 日本勝ち,2: スペイン勝ち,1: コロンビア勝ち,0: 引き分け,2: オランダ勝ち,0: 引き分け,0: 引き分け,2: イングランド勝ち,1: コンゴ民主共和国勝ち,2: アルゼンチン勝ち,2: ベルギー勝ち,1: クロアチア勝ち,2121020021221,2,1,2,1,0,2,0,0,2,1,2,2,1,direct,121,1,-7.222120,重複なしの直接購入行。1行を1口だけ買う。
122,12200,0 1 2 0 0 2 0 2 2 1 2 2 1,0: 引き分け,1: 日本勝ち,2: スペイン勝ち,0: 引き分け,0: 引き分け,2: オランダ勝ち,0: 引き分け,2: フランス勝ち,2: イングランド勝ち,1: コンゴ民主共和国勝ち,2: アルゼンチン勝ち,2: ベルギー勝ち,1: クロアチア勝ち,0120020221221,0,1,2,0,0,2,0,2,2,1,2,2,1,direct,122,1,-7.223983,重複なしの直接購入行。1行を1口だけ買う。
123,12300,2 1 0 0 0 2 1 2 2 1 2 2 1,2: ドイツ勝ち,1: 日本勝ち,0: 引き分け,0: 引き分け,0: 引き分け,2: オランダ勝ち,1: パラグアイ勝ち,2: フランス勝ち,2: イングランド勝ち,1: コンゴ民主共和国勝ち,2: アルゼンチン勝ち,2: ベルギー勝ち,1: クロアチア勝ち,2100021221221,2,1,0,0,0,2,1,2,2,1,2,2,1,direct,123,1,-7.227004,重複なしの直接購入行。1行を1口だけ買う。
124,12400,2 1 2 2 2 2 0 2 2 2 2 2 1,2: ドイツ勝ち,1: 日本勝ち,2: スペイン勝ち,2: ポルトガル勝ち,2: オーストリア勝ち,2: オランダ勝ち,0: 引き分け,2: フランス勝ち,2: イングランド勝ち,2: ウズベキスタン勝ち,2: アルゼンチン勝ち,2: ベルギー勝ち,1: クロアチア勝ち,2122220222221,2,1,2,2,2,2,0,2,2,2,2,2,1,direct,124,1,-7.228008,重複なしの直接購入行。1行を1口だけ買う。
125,12500,2 1 2 1 0 2 1 2 2 1 2 2 0,2: ドイツ勝ち,1: 日本勝ち,2: スペイン勝ち,1: コロンビア勝ち,0: 引き分け,2: オランダ勝ち,1: パラグアイ勝ち,2: フランス勝ち,2: イングランド勝ち,1: コンゴ民主共和国勝ち,2: アルゼンチン勝ち,2: ベルギー勝ち,0: 引き分け,2121021221220,2,1,2,1,0,2,1,2,2,1,2,2,0,direct,125,1,-7.229281,重複なしの直接購入行。1行を1口だけ買う。
126,12600,2 1 0 2 2 2 0 2 2 1 2 2 0,2: ドイツ勝ち,1: 日本勝ち,0: 引き分け,2: ポルトガル勝ち,2: オーストリア勝ち,2: オランダ勝ち,0: 引き分け,2: フランス勝ち,2: イングランド勝ち,1: コンゴ民主共和国勝ち,2: アルゼンチン勝ち,2: ベルギー勝ち,0: 引き分け,2102220221220,2,1,0,2,2,2,0,2,2,1,2,2,0,direct,126,1,-7.237878,重複なしの直接購入行。1行を1口だけ買う。
127,12700,2 1 2 0 0 2 1 0 2 1 2 2 0,2: ドイツ勝ち,1: 日本勝ち,2: スペイン勝ち,0: 引き分け,0: 引き分け,2: オランダ勝ち,1: パラグアイ勝ち,0: 引き分け,2: イングランド勝ち,1: コンゴ民主共和国勝ち,2: アルゼンチン勝ち,2: ベルギー勝ち,0: 引き分け,2120021021220,2,1,2,0,0,2,1,0,2,1,2,2,0,direct,127,1,-7.239270,重複なしの直接購入行。1行を1口だけ買う。
128,12800,2 0 2 2 2 2 2 2 2 1 2 2 0,2: ドイツ勝ち,0: 引き分け,2: スペイン勝ち,2: ポルトガル勝ち,2: オーストリア勝ち,2: オランダ勝ち,2: オーストラリア勝ち,2: フランス勝ち,2: イングランド勝ち,1: コンゴ民主共和国勝ち,2: アルゼンチン勝ち,2: ベルギー勝ち,0: 引き分け,2022222221220,2,0,2,2,2,2,2,2,2,1,2,2,0,direct,128,1,-7.240880,重複なしの直接購入行。1行を1口だけ買う。
129,12900,2 1 2 1 2 2 2 2 2 0 2 2 1,2: ドイツ勝ち,1: 日本勝ち,2: スペイン勝ち,1: コロンビア勝ち,2: オーストリア勝ち,2: オランダ勝ち,2: オーストラリア勝ち,2: フランス勝ち,2: イングランド勝ち,0: 引き分け,2: アルゼンチン勝ち,2: ベルギー勝ち,1: クロアチア勝ち,2121222220221,2,1,2,1,2,2,2,2,2,0,2,2,1,direct,129,1,-7.242992,重複なしの直接購入行。1行を1口だけ買う。
130,13000,2 1 2 0 2 2 2 0 2 0 2 2 1,2: ドイツ勝ち,1: 日本勝ち,2: スペイン勝ち,0: 引き分け,2: オーストリア勝ち,2: オランダ勝ち,2: オーストラリア勝ち,0: 引き分け,2: イングランド勝ち,0: 引き分け,2: アルゼンチン勝ち,2: ベルギー勝ち,1: クロアチア勝ち,2120222020221,2,1,2,0,2,2,2,0,2,0,2,2,1,direct,130,1,-7.252981,重複なしの直接購入行。1行を1口だけ買う。
131,13100,0 1 2 2 2 2 2 2 2 1 2 2 1,0: 引き分け,1: 日本勝ち,2: スペイン勝ち,2: ポルトガル勝ち,2: オーストリア勝ち,2: オランダ勝ち,2: オーストラリア勝ち,2: フランス勝ち,2: イングランド勝ち,1: コンゴ民主共和国勝ち,2: アルゼンチン勝ち,2: ベルギー勝ち,1: クロアチア勝ち,0122222221221,0,1,2,2,2,2,2,2,2,1,2,2,1,direct,131,1,-7.256822,重複なしの直接購入行。1行を1口だけ買う。
132,13200,2 1 2 2 0 2 2 0 2 0 2 2 1,2: ドイツ勝ち,1: 日本勝ち,2: スペイン勝ち,2: ポルトガル勝ち,0: 引き分け,2: オランダ勝ち,2: オーストラリア勝ち,0: 引き分け,2: イングランド勝ち,0: 引き分け,2: アルゼンチン勝ち,2: ベルギー勝ち,1: クロアチア勝ち,2122022020221,2,1,2,2,0,2,2,0,2,0,2,2,1,direct,132,1,-7.263018,重複なしの直接購入行。1行を1口だけ買う。
133,13300,2 0 2 2 2 2 0 2 2 0 2 2 1,2: ドイツ勝ち,0: 引き分け,2: スペイン勝ち,2: ポルトガル勝ち,2: オーストリア勝ち,2: オランダ勝ち,0: 引き分け,2: フランス勝ち,2: イングランド勝ち,0: 引き分け,2: アルゼンチン勝ち,2: ベルギー勝ち,1: クロアチア勝ち,2022220220221,2,0,2,2,2,2,0,2,2,0,2,2,1,direct,133,1,-7.264380,重複なしの直接購入行。1行を1口だけ買う。
134,13400,2 1 2 0 2 2 0 2 2 2 2 2 1,2: ドイツ勝ち,1: 日本勝ち,2: スペイン勝ち,0: 引き分け,2: オーストリア勝ち,2: オランダ勝ち,0: 引き分け,2: フランス勝ち,2: イングランド勝ち,2: ウズベキスタン勝ち,2: アルゼンチン勝ち,2: ベルギー勝ち,1: クロアチア勝ち,2120220222221,2,1,2,0,2,2,0,2,2,2,2,2,1,direct,134,1,-7.268410,重複なしの直接購入行。1行を1口だけ買う。
135,13500,2 1 0 0 2 2 0 2 2 1 2 2 0,2: ドイツ勝ち,1: 日本勝ち,0: 引き分け,0: 引き分け,2: オーストリア勝ち,2: オランダ勝ち,0: 引き分け,2: フランス勝ち,2: イングランド勝ち,1: コンゴ民主共和国勝ち,2: アルゼンチン勝ち,2: ベルギー勝ち,0: 引き分け,2100220221220,2,1,0,0,2,2,0,2,2,1,2,2,0,direct,135,1,-7.278281,重複なしの直接購入行。1行を1口だけ買う。
136,13600,2 1 2 2 0 2 0 2 2 2 2 2 1,2: ドイツ勝ち,1: 日本勝ち,2: スペイン勝ち,2: ポルトガル勝ち,0: 引き分け,2: オランダ勝ち,0: 引き分け,2: フランス勝ち,2: イングランド勝ち,2: ウズベキスタン勝ち,2: アルゼンチン勝ち,2: ベルギー勝ち,1: クロアチア勝ち,2122020222221,2,1,2,2,0,2,0,2,2,2,2,2,1,direct,136,1,-7.278447,重複なしの直接購入行。1行を1口だけ買う。
137,13700,2 0 2 0 2 2 2 2 2 1 2 2 0,2: ドイツ勝ち,0: 引き分け,2: スペイン勝ち,0: 引き分け,2: オーストリア勝ち,2: オランダ勝ち,2: オーストラリア勝ち,2: フランス勝ち,2: イングランド勝ち,1: コンゴ民主共和国勝ち,2: アルゼンチン勝ち,2: ベルギー勝ち,0: 引き分け,2020222221220,2,0,2,0,2,2,2,2,2,1,2,2,0,direct,137,1,-7.281283,重複なしの直接購入行。1行を1口だけ買う。
138,13800,2 1 0 2 0 2 0 2 2 1 2 2 0,2: ドイツ勝ち,1: 日本勝ち,0: 引き分け,2: ポルトガル勝ち,0: 引き分け,2: オランダ勝ち,0: 引き分け,2: フランス勝ち,2: イングランド勝ち,1: コンゴ民主共和国勝ち,2: アルゼンチン勝ち,2: ベルギー勝ち,0: 引き分け,2102020221220,2,1,0,2,0,2,0,2,2,1,2,2,0,direct,138,1,-7.288317,重複なしの直接購入行。1行を1口だけ買う。
139,13900,2 0 2 2 0 2 2 2 2 1 2 2 0,2: ドイツ勝ち,0: 引き分け,2: スペイン勝ち,2: ポルトガル勝ち,0: 引き分け,2: オランダ勝ち,2: オーストラリア勝ち,2: フランス勝ち,2: イングランド勝ち,1: コンゴ民主共和国勝ち,2: アルゼンチン勝ち,2: ベルギー勝ち,0: 引き分け,2022022221220,2,0,2,2,0,2,2,2,2,1,2,2,0,direct,139,1,-7.291319,重複なしの直接購入行。1行を1口だけ買う。
140,14000,2 1 2 1 0 2 2 2 2 0 2 2 1,2: ドイツ勝ち,1: 日本勝ち,2: スペイン勝ち,1: コロンビア勝ち,0: 引き分け,2: オランダ勝ち,2: オーストラリア勝ち,2: フランス勝ち,2: イングランド勝ち,0: 引き分け,2: アルゼンチン勝ち,2: ベルギー勝ち,1: クロアチア勝ち,2121022220221,2,1,2,1,0,2,2,2,2,0,2,2,1,direct,140,1,-7.293431,重複なしの直接購入行。1行を1口だけ買う。
141,14100,2 1 2 1 2 2 2 0 2 1 2 2 1,2: ドイツ勝ち,1: 日本勝ち,2: スペイン勝ち,1: コロンビア勝ち,2: オーストリア勝ち,2: オランダ勝ち,2: オーストラリア勝ち,0: 引き分け,2: イングランド勝ち,1: コンゴ民主共和国勝ち,2: アルゼンチン勝ち,2: ベルギー勝ち,1: クロアチア勝ち,2121222021221,2,1,2,1,2,2,2,0,2,1,2,2,1,direct,141,1,-7.295362,重複なしの直接購入行。1行を1口だけ買う。
142,14200,2 1 2 2 2 2 1 0 2 0 2 2 1,2: ドイツ勝ち,1: 日本勝ち,2: スペイン勝ち,2: ポルトガル勝ち,2: オーストリア勝ち,2: オランダ勝ち,1: パラグアイ勝ち,0: 引き分け,2: イングランド勝ち,0: 引き分け,2: アルゼンチン勝ち,2: ベルギー勝ち,1: クロアチア勝ち,2122221020221,2,1,2,2,2,2,1,0,2,0,2,2,1,direct,142,1,-7.295610,重複なしの直接購入行。1行を1口だけ買う。
143,14300,0 1 2 0 2 2 2 2 2 1 2 2 1,0: 引き分け,1: 日本勝ち,2: スペイン勝ち,0: 引き分け,2: オーストリア勝ち,2: オランダ勝ち,2: オーストラリア勝ち,2: フランス勝ち,2: イングランド勝ち,1: コンゴ民主共和国勝ち,2: アルゼンチン勝ち,2: ベルギー勝ち,1: クロアチア勝ち,0120222221221,0,1,2,0,2,2,2,2,2,1,2,2,1,direct,143,1,-7.297225,重複なしの直接購入行。1行を1口だけ買う。
144,14400,2 1 2 0 0 2 2 0 2 0 2 2 1,2: ドイツ勝ち,1: 日本勝ち,2: スペイン勝ち,0: 引き分け,0: 引き分け,2: オランダ勝ち,2: オーストラリア勝ち,0: 引き分け,2: イングランド勝ち,0: 引き分け,2: アルゼンチン勝ち,2: ベルギー勝ち,1: クロアチア勝ち,2120022020221,2,1,2,0,0,2,2,0,2,0,2,2,1,direct,144,1,-7.303421,重複なしの直接購入行。1行を1口だけ買う。
145,14500,2 0 2 0 2 2 0 2 2 0 2 2 1,2: ドイツ勝ち,0: 引き分け,2: スペイン勝ち,0: 引き分け,2: オーストリア勝ち,2: オランダ勝ち,0: 引き分け,2: フランス勝ち,2: イングランド勝ち,0: 引き分け,2: アルゼンチン勝ち,2: ベルギー勝ち,1: クロアチア勝ち,2020220220221,2,0,2,0,2,2,0,2,2,0,2,2,1,direct,145,1,-7.304782,重複なしの直接購入行。1行を1口だけ買う。
146,14600,0 1 2 2 0 2 2 2 2 1 2 2 1,0: 引き分け,1: 日本勝ち,2: スペイン勝ち,2: ポルトガル勝ち,0: 引き分け,2: オランダ勝ち,2: オーストラリア勝ち,2: フランス勝ち,2: イングランド勝ち,1: コンゴ民主共和国勝ち,2: アルゼンチン勝ち,2: ベルギー勝ち,1: クロアチア勝ち,0122022221221,0,1,2,2,0,2,2,2,2,1,2,2,1,direct,146,1,-7.307261,重複なしの直接購入行。1行を1口だけ買う。
147,14700,2 0 2 2 0 2 0 2 2 0 2 2 1,2: ドイツ勝ち,0: 引き分け,2: スペイン勝ち,2: ポルトガル勝ち,0: 引き分け,2: オランダ勝ち,0: 引き分け,2: フランス勝ち,2: イングランド勝ち,0: 引き分け,2: アルゼンチン勝ち,2: ベルギー勝ち,1: クロアチア勝ち,2022020220221,2,0,2,2,0,2,0,2,2,0,2,2,1,direct,147,1,-7.314819,重複なしの直接購入行。1行を1口だけ買う。
148,14800,2 0 2 2 2 2 0 0 2 1 2 2 1,2: ドイツ勝ち,0: 引き分け,2: スペイン勝ち,2: ポルトガル勝ち,2: オーストリア勝ち,2: オランダ勝ち,0: 引き分け,0: 引き分け,2: イングランド勝ち,1: コンゴ民主共和国勝ち,2: アルゼンチン勝ち,2: ベルギー勝ち,1: クロアチア勝ち,2022220021221,2,0,2,2,2,2,0,0,2,1,2,2,1,direct,148,1,-7.316749,重複なしの直接購入行。1行を1口だけ買う。
149,14900,2 1 2 0 0 2 0 2 2 2 2 2 1,2: ドイツ勝ち,1: 日本勝ち,2: スペイン勝ち,0: 引き分け,0: 引き分け,2: オランダ勝ち,0: 引き分け,2: フランス勝ち,2: イングランド勝ち,2: ウズベキスタン勝ち,2: アルゼンチン勝ち,2: ベルギー勝ち,1: クロアチア勝ち,2120020222221,2,1,2,0,0,2,0,2,2,2,2,2,1,direct,149,1,-7.318849,重複なしの直接購入行。1行を1口だけ買う。
150,15000,2 0 2 2 2 2 1 2 2 1 2 2 0,2: ドイツ勝ち,0: 引き分け,2: スペイン勝ち,2: ポルトガル勝ち,2: オーストリア勝ち,2: オランダ勝ち,1: パラグアイ勝ち,2: フランス勝ち,2: イングランド勝ち,1: コンゴ民主共和国勝ち,2: アルゼンチン勝ち,2: ベルギー勝ち,0: 引き分け,2022221221220,2,0,2,2,2,2,1,2,2,1,2,2,0,direct,150,1,-7.323911,重複なしの直接購入行。1行を1口だけ買う。
151,15100,2 1 2 1 2 2 1 2 2 0 2 2 1,2: ドイツ勝ち,1: 日本勝ち,2: スペイン勝ち,1: コロンビア勝ち,2: オーストリア勝ち,2: オランダ勝ち,1: パラグアイ勝ち,2: フランス勝ち,2: イングランド勝ち,0: 引き分け,2: アルゼンチン勝ち,2: ベルギー勝ち,1: クロアチア勝ち,2121221220221,2,1,2,1,2,2,1,2,2,0,2,2,1,direct,151,1,-7.326023,重複なしの直接購入行。1行を1口だけ買う。
152,15200,2 1 0 0 0 2 0 2 2 1 2 2 0,2: ドイツ勝ち,1: 日本勝ち,0: 引き分け,0: 引き分け,0: 引き分け,2: オランダ勝ち,0: 引き分け,2: フランス勝ち,2: イングランド勝ち,1: コンゴ民主共和国勝ち,2: アルゼンチン勝ち,2: ベルギー勝ち,0: 引き分け,2100020221220,2,1,0,0,0,2,0,2,2,1,2,2,0,direct,152,1,-7.328720,重複なしの直接購入行。1行を1口だけ買う。
153,15300,2 0 2 0 0 2 2 2 2 1 2 2 0,2: ドイツ勝ち,0: 引き分け,2: スペイン勝ち,0: 引き分け,0: 引き分け,2: オランダ勝ち,2: オーストラリア勝ち,2: フランス勝ち,2: イングランド勝ち,1: コンゴ民主共和国勝ち,2: アルゼンチン勝ち,2: ベルギー勝ち,0: 引き分け,2020022221220,2,0,2,0,0,2,2,2,2,1,2,2,0,direct,153,1,-7.331722,重複なしの直接購入行。1行を1口だけ買う。
154,15400,2 1 2 0 2 2 1 0 2 0 2 2 1,2: ドイツ勝ち,1: 日本勝ち,2: スペイン勝ち,0: 引き分け,2: オーストリア勝ち,2: オランダ勝ち,1: パラグアイ勝ち,0: 引き分け,2: イングランド勝ち,0: 引き分け,2: アルゼンチン勝ち,2: ベルギー勝ち,1: クロアチア勝ち,2120221020221,2,1,2,0,2,2,1,0,2,0,2,2,1,direct,154,1,-7.336012,重複なしの直接購入行。1行を1口だけ買う。
155,15500,0 1 2 2 2 2 1 2 2 1 2 2 1,0: 引き分け,1: 日本勝ち,2: スペイン勝ち,2: ポルトガル勝ち,2: オーストリア勝ち,2: オランダ勝ち,1: パラグアイ勝ち,2: フランス勝ち,2: イングランド勝ち,1: コンゴ民主共和国勝ち,2: アルゼンチン勝ち,2: ベルギー勝ち,1: クロアチア勝ち,0122221221221,0,1,2,2,2,2,1,2,2,1,2,2,1,direct,155,1,-7.339853,重複なしの直接購入行。1行を1口だけ買う。
156,15600,2 1 2 1 0 2 2 0 2 1 2 2 1,2: ドイツ勝ち,1: 日本勝ち,2: スペイン勝ち,1: コロンビア勝ち,0: 引き分け,2: オランダ勝ち,2: オーストラリア勝ち,0: 引き分け,2: イングランド勝ち,1: コンゴ民主共和国勝ち,2: アルゼンチン勝ち,2: ベルギー勝ち,1: クロアチア勝ち,2121022021221,2,1,2,1,0,2,2,0,2,1,2,2,1,direct,156,1,-7.345801,重複なしの直接購入行。1行を1口だけ買う。
157,15700,2 1 2 2 0 2 1 0 2 0 2 2 1,2: ドイツ勝ち,1: 日本勝ち,2: スペイン勝ち,2: ポルトガル勝ち,0: 引き分け,2: オランダ勝ち,1: パラグアイ勝ち,0: 引き分け,2: イングランド勝ち,0: 引き分け,2: アルゼンチン勝ち,2: ベルギー勝ち,1: クロアチア勝ち,2122021020221,2,1,2,2,0,2,1,0,2,0,2,2,1,direct,157,1,-7.346049,重複なしの直接購入行。1行を1口だけ買う。
158,15800,2 0 2 1 2 2 0 2 2 1 2 2 1,2: ドイツ勝ち,0: 引き分け,2: スペイン勝ち,1: コロンビア勝ち,2: オーストリア勝ち,2: オランダ勝ち,0: 引き分け,2: フランス勝ち,2: イングランド勝ち,1: コンゴ民主共和国勝ち,2: アルゼンチン勝ち,2: ベルギー勝ち,1: クロアチア勝ち,2021220221221,2,0,2,1,2,2,0,2,2,1,2,2,1,direct,158,1,-7.347163,重複なしの直接購入行。1行を1口だけ買う。
159,15900,0 1 2 0 0 2 2 2 2 1 2 2 1,0: 引き分け,1: 日本勝ち,2: スペイン勝ち,0: 引き分け,0: 引き分け,2: オランダ勝ち,2: オーストラリア勝ち,2: フランス勝ち,2: イングランド勝ち,1: コンゴ民主共和国勝ち,2: アルゼンチン勝ち,2: ベルギー勝ち,1: クロアチア勝ち,0120022221221,0,1,2,0,0,2,2,2,2,1,2,2,1,direct,159,1,-7.347664,重複なしの直接購入行。1行を1口だけ買う。
160,16000,2 1 2 2 2 2 2 2 2 2 2 2 1,2: ドイツ勝ち,1: 日本勝ち,2: スペイン勝ち,2: ポルトガル勝ち,2: オーストリア勝ち,2: オランダ勝ち,2: オーストラリア勝ち,2: フランス勝ち,2: イングランド勝ち,2: ウズベキスタン勝ち,2: アルゼンチン勝ち,2: ベルギー勝ち,1: クロアチア勝ち,2122222222221,2,1,2,2,2,2,2,2,2,2,2,2,1,direct,160,1,-7.351689,重複なしの直接購入行。1行を1口だけ買う。
161,16100,2 0 2 0 0 2 0 2 2 0 2 2 1,2: ドイツ勝ち,0: 引き分け,2: スペイン勝ち,0: 引き分け,0: 引き分け,2: オランダ勝ち,0: 引き分け,2: フランス勝ち,2: イングランド勝ち,0: 引き分け,2: アルゼンチン勝ち,2: ベルギー勝ち,1: クロアチア勝ち,2020020220221,2,0,2,0,0,2,0,2,2,0,2,2,1,direct,161,1,-7.355222,重複なしの直接購入行。1行を1口だけ買う。
162,16200,2 0 2 0 2 2 0 0 2 1 2 2 1,2: ドイツ勝ち,0: 引き分け,2: スペイン勝ち,0: 引き分け,2: オーストリア勝ち,2: オランダ勝ち,0: 引き分け,0: 引き分け,2: イングランド勝ち,1: コンゴ民主共和国勝ち,2: アルゼンチン勝ち,2: ベルギー勝ち,1: クロアチア勝ち,2020220021221,2,0,2,0,2,2,0,0,2,1,2,2,1,direct,162,1,-7.357152,重複なしの直接購入行。1行を1口だけ買う。
163,16300,2 1 0 2 2 2 2 2 2 1 2 2 0,2: ドイツ勝ち,1: 日本勝ち,0: 引き分け,2: ポルトガル勝ち,2: オーストリア勝ち,2: オランダ勝ち,2: オーストラリア勝ち,2: フランス勝ち,2: イングランド勝ち,1: コンゴ民主共和国勝ち,2: アルゼンチン勝ち,2: ベルギー勝ち,0: 引き分け,2102222221220,2,1,0,2,2,2,2,2,2,1,2,2,0,direct,163,1,-7.361559,重複なしの直接購入行。1行を1口だけ買う。
164,16400,2 0 2 0 2 2 1 2 2 1 2 2 0,2: ドイツ勝ち,0: 引き分け,2: スペイン勝ち,0: 引き分け,2: オーストリア勝ち,2: オランダ勝ち,1: パラグアイ勝ち,2: フランス勝ち,2: イングランド勝ち,1: コンゴ民主共和国勝ち,2: アルゼンチン勝ち,2: ベルギー勝ち,0: 引き分け,2020221221220,2,0,2,0,2,2,1,2,2,1,2,2,0,direct,164,1,-7.364313,重複なしの直接購入行。1行を1口だけ買う。
165,16500,2 0 2 2 0 2 0 0 2 1 2 2 1,2: ドイツ勝ち,0: 引き分け,2: スペイン勝ち,2: ポルトガル勝ち,0: 引き分け,2: オランダ勝ち,0: 引き分け,0: 引き分け,2: イングランド勝ち,1: コンゴ民主共和国勝ち,2: アルゼンチン勝ち,2: ベルギー勝ち,1: クロアチア勝ち,2022020021221,2,0,2,2,0,2,0,0,2,1,2,2,1,direct,165,1,-7.367189,重複なしの直接購入行。1行を1口だけ買う。
166,16600,2 0 2 2 0 2 1 2 2 1 2 2 0,2: ドイツ勝ち,0: 引き分け,2: スペイン勝ち,2: ポルトガル勝ち,0: 引き分け,2: オランダ勝ち,1: パラグアイ勝ち,2: フランス勝ち,2: イングランド勝ち,1: コンゴ民主共和国勝ち,2: アルゼンチン勝ち,2: ベルギー勝ち,0: 引き分け,2022021221220,2,0,2,2,0,2,1,2,2,1,2,2,0,direct,166,1,-7.374350,重複なしの直接購入行。1行を1口だけ買う。
167,16700,2 1 2 1 0 2 1 2 2 0 2 2 1,2: ドイツ勝ち,1: 日本勝ち,2: スペイン勝ち,1: コロンビア勝ち,0: 引き分け,2: オランダ勝ち,1: パラグアイ勝ち,2: フランス勝ち,2: イングランド勝ち,0: 引き分け,2: アルゼンチン勝ち,2: ベルギー勝ち,1: クロアチア勝ち,2121021220221,2,1,2,1,0,2,1,2,2,0,2,2,1,direct,167,1,-7.376462,重複なしの直接購入行。1行を1口だけ買う。
168,16800,2 1 2 1 2 2 1 0 2 1 2 2 1,2: ドイツ勝ち,1: 日本勝ち,2: スペイン勝ち,1: コロンビア勝ち,2: オーストリア勝ち,2: オランダ勝ち,1: パラグアイ勝ち,0: 引き分け,2: イングランド勝ち,1: コンゴ民主共和国勝ち,2: アルゼンチン勝ち,2: ベルギー勝ち,1: クロアチア勝ち,2121221021221,2,1,2,1,2,2,1,0,2,1,2,2,1,direct,168,1,-7.378392,重複なしの直接購入行。1行を1口だけ買う。
169,16900,0 1 2 0 2 2 1 2 2 1 2 2 1,0: 引き分け,1: 日本勝ち,2: スペイン勝ち,0: 引き分け,2: オーストリア勝ち,2: オランダ勝ち,1: パラグアイ勝ち,2: フランス勝ち,2: イングランド勝ち,1: コンゴ民主共和国勝ち,2: アルゼンチン勝ち,2: ベルギー勝ち,1: クロアチア勝ち,0120221221221,0,1,2,0,2,2,1,2,2,1,2,2,1,direct,169,1,-7.380255,重複なしの直接購入行。1行を1口だけ買う。
170,17000,2 1 0 2 2 2 0 2 2 0 2 2 1,2: ドイツ勝ち,1: 日本勝ち,0: 引き分け,2: ポルトガル勝ち,2: オーストリア勝ち,2: オランダ勝ち,0: 引き分け,2: フランス勝ち,2: イングランド勝ち,0: 引き分け,2: アルゼンチン勝ち,2: ベルギー勝ち,1: クロアチア勝ち,2102220220221,2,1,0,2,2,2,0,2,2,0,2,2,1,direct,170,1,-7.385059,重複なしの直接購入行。1行を1口だけ買う。
171,17100,2 1 2 0 0 2 1 0 2 0 2 2 1,2: ドイツ勝ち,1: 日本勝ち,2: スペイン勝ち,0: 引き分け,0: 引き分け,2: オランダ勝ち,1: パラグアイ勝ち,0: 引き分け,2: イングランド勝ち,0: 引き分け,2: アルゼンチン勝ち,2: ベルギー勝ち,1: クロアチア勝ち,2120021020221,2,1,2,0,0,2,1,0,2,0,2,2,1,direct,171,1,-7.386451,重複なしの直接購入行。1行を1口だけ買う。
172,17200,2 0 2 2 2 2 2 2 2 0 2 2 1,2: ドイツ勝ち,0: 引き分け,2: スペイン勝ち,2: ポルトガル勝ち,2: オーストリア勝ち,2: オランダ勝ち,2: オーストラリア勝ち,2: フランス勝ち,2: イングランド勝ち,0: 引き分け,2: アルゼンチン勝ち,2: ベルギー勝ち,1: クロアチア勝ち,2022222220221,2,0,2,2,2,2,2,2,2,0,2,2,1,direct,172,1,-7.388061,重複なしの直接購入行。1行を1口だけ買う。
173,17300,0 1 2 2 0 2 1 2 2 1 2 2 1,0: 引き分け,1: 日本勝ち,2: スペイン勝ち,2: ポルトガル勝ち,0: 引き分け,2: オランダ勝ち,1: パラグアイ勝ち,2: フランス勝ち,2: イングランド勝ち,1: コンゴ民主共和国勝ち,2: アルゼンチン勝ち,2: ベルギー勝ち,1: クロアチア勝ち,0122021221221,0,1,2,2,0,2,1,2,2,1,2,2,1,direct,173,1,-7.390292,重複なしの直接購入行。1行を1口だけ買う。
174,17400,2 1 2 0 2 2 2 2 2 2 2 2 1,2: ドイツ勝ち,1: 日本勝ち,2: スペイン勝ち,0: 引き分け,2: オーストリア勝ち,2: オランダ勝ち,2: オーストラリア勝ち,2: フランス勝ち,2: イングランド勝ち,2: ウズベキスタン勝ち,2: アルゼンチン勝ち,2: ベルギー勝ち,1: クロアチア勝ち,2120222222221,2,1,2,0,2,2,2,2,2,2,2,2,1,direct,174,1,-7.392091,重複なしの直接購入行。1行を1口だけ買う。
175,17500,2 1 2 2 2 2 0 0 2 0 2 2 0,2: ドイツ勝ち,1: 日本勝ち,2: スペイン勝ち,2: ポルトガル勝ち,2: オーストリア勝ち,2: オランダ勝ち,0: 引き分け,0: 引き分け,2: イングランド勝ち,0: 引き分け,2: アルゼンチン勝ち,2: ベルギー勝ち,0: 引き分け,2122220020220,2,1,2,2,2,2,0,0,2,0,2,2,0,direct,175,1,-7.397325,重複なしの直接購入行。1行を1口だけ買う。
176,17600,2 0 2 1 0 2 0 2 2 1 2 2 1,2: ドイツ勝ち,0: 引き分け,2: スペイン勝ち,1: コロンビア勝ち,0: 引き分け,2: オランダ勝ち,0: 引き分け,2: フランス勝ち,2: イングランド勝ち,1: コンゴ民主共和国勝ち,2: アルゼンチン勝ち,2: ベルギー勝ち,1: クロアチア勝ち,2021020221221,2,0,2,1,0,2,0,2,2,1,2,2,1,direct,176,1,-7.397602,重複なしの直接購入行。1行を1口だけ買う。
177,17700,2 1 0 0 2 2 2 2 2 1 2 2 0,2: ドイツ勝ち,1: 日本勝ち,0: 引き分け,0: 引き分け,2: オーストリア勝ち,2: オランダ勝ち,2: オーストラリア勝ち,2: フランス勝ち,2: イングランド勝ち,1: コンゴ民主共和国勝ち,2: アルゼンチン勝ち,2: ベルギー勝ち,0: 引き分け,2100222221220,2,1,0,0,2,2,2,2,2,1,2,2,0,direct,177,1,-7.401962,重複なしの直接購入行。1行を1口だけ買う。
178,17800,2 1 2 2 0 2 2 2 2 2 2 2 1,2: ドイツ勝ち,1: 日本勝ち,2: スペイン勝ち,2: ポルトガル勝ち,0: 引き分け,2: オランダ勝ち,2: オーストラリア勝ち,2: フランス勝ち,2: イングランド勝ち,2: ウズベキスタン勝ち,2: アルゼンチン勝ち,2: ベルギー勝ち,1: クロアチア勝ち,2122022222221,2,1,2,2,0,2,2,2,2,2,2,2,1,direct,178,1,-7.402128,重複なしの直接購入行。1行を1口だけ買う。
179,17900,2 0 2 0 0 2 0 0 2 1 2 2 1,2: ドイツ勝ち,0: 引き分け,2: スペイン勝ち,0: 引き分け,0: 引き分け,2: オランダ勝ち,0: 引き分け,0: 引き分け,2: イングランド勝ち,1: コンゴ民主共和国勝ち,2: アルゼンチン勝ち,2: ベルギー勝ち,1: クロアチア勝ち,2020020021221,2,0,2,0,0,2,0,0,2,1,2,2,1,direct,179,1,-7.407591,重複なしの直接購入行。1行を1口だけ買う。
180,18000,2 1 0 2 0 2 2 2 2 1 2 2 0,2: ドイツ勝ち,1: 日本勝ち,0: 引き分け,2: ポルトガル勝ち,0: 引き分け,2: オランダ勝ち,2: オーストラリア勝ち,2: フランス勝ち,2: イングランド勝ち,1: コンゴ民主共和国勝ち,2: アルゼンチン勝ち,2: ベルギー勝ち,0: 引き分け,2102022221220,2,1,0,2,0,2,2,2,2,1,2,2,0,direct,180,1,-7.411999,重複なしの直接購入行。1行を1口だけ買う。
181,18100,2 0 2 0 0 2 1 2 2 1 2 2 0,2: ドイツ勝ち,0: 引き分け,2: スペイン勝ち,0: 引き分け,0: 引き分け,2: オランダ勝ち,1: パラグアイ勝ち,2: フランス勝ち,2: イングランド勝ち,1: コンゴ民主共和国勝ち,2: アルゼンチン勝ち,2: ベルギー勝ち,0: 引き分け,2020021221220,2,0,2,0,0,2,1,2,2,1,2,2,0,direct,181,1,-7.414752,重複なしの直接購入行。1行を1口だけ買う。
182,18200,2 1 0 0 2 2 0 2 2 0 2 2 1,2: ドイツ勝ち,1: 日本勝ち,0: 引き分け,0: 引き分け,2: オーストリア勝ち,2: オランダ勝ち,0: 引き分け,2: フランス勝ち,2: イングランド勝ち,0: 引き分け,2: アルゼンチン勝ち,2: ベルギー勝ち,1: クロアチア勝ち,2100220220221,2,1,0,0,2,2,0,2,2,0,2,2,1,direct,182,1,-7.425462,重複なしの直接購入行。1行を1口だけ買う。
183,18300,2 1 2 1 2 2 0 2 2 0 2 2 0,2: ドイツ勝ち,1: 日本勝ち,2: スペイン勝ち,1: コロンビア勝ち,2: オーストリア勝ち,2: オランダ勝ち,0: 引き分け,2: フランス勝ち,2: イングランド勝ち,0: 引き分け,2: アルゼンチン勝ち,2: ベルギー勝ち,0: 引き分け,2121220220220,2,1,2,1,2,2,0,2,2,0,2,2,0,direct,183,1,-7.427738,重複なしの直接購入行。1行を1口だけ買う。
184,18400,2 0 2 0 2 2 2 2 2 0 2 2 1,2: ドイツ勝ち,0: 引き分け,2: スペイン勝ち,0: 引き分け,2: オーストリア勝ち,2: オランダ勝ち,2: オーストラリア勝ち,2: フランス勝ち,2: イングランド勝ち,0: 引き分け,2: アルゼンチン勝ち,2: ベルギー勝ち,1: クロアチア勝ち,2020222220221,2,0,2,0,2,2,2,2,2,0,2,2,1,direct,184,1,-7.428464,重複なしの直接購入行。1行を1口だけ買う。
185,18500,2 1 2 1 0 2 1 0 2 1 2 2 1,2: ドイツ勝ち,1: 日本勝ち,2: スペイン勝ち,1: コロンビア勝ち,0: 引き分け,2: オランダ勝ち,1: パラグアイ勝ち,0: 引き分け,2: イングランド勝ち,1: コンゴ民主共和国勝ち,2: アルゼンチン勝ち,2: ベルギー勝ち,1: クロアチア勝ち,2121021021221,2,1,2,1,0,2,1,0,2,1,2,2,1,direct,185,1,-7.428831,重複なしの直接購入行。1行を1口だけ買う。
186,18600,0 1 2 0 0 2 1 2 2 1 2 2 1,0: 引き分け,1: 日本勝ち,2: スペイン勝ち,0: 引き分け,0: 引き分け,2: オランダ勝ち,1: パラグアイ勝ち,2: フランス勝ち,2: イングランド勝ち,1: コンゴ民主共和国勝ち,2: アルゼンチン勝ち,2: ベルギー勝ち,1: クロアチア勝ち,0120021221221,0,1,2,0,0,2,1,2,2,1,2,2,1,direct,186,1,-7.430695,重複なしの直接購入行。1行を1口だけ買う。
187,18700,2 1 2 2 2 2 1 2 2 2 2 2 1,2: ドイツ勝ち,1: 日本勝ち,2: スペイン勝ち,2: ポルトガル勝ち,2: オーストリア勝ち,2: オランダ勝ち,1: パラグアイ勝ち,2: フランス勝ち,2: イングランド勝ち,2: ウズベキスタン勝ち,2: アルゼンチン勝ち,2: ベルギー勝ち,1: クロアチア勝ち,2122221222221,2,1,2,2,2,2,1,2,2,2,2,2,1,direct,187,1,-7.434720,重複なしの直接購入行。1行を1口だけ買う。
188,18800,2 1 0 2 0 2 0 2 2 0 2 2 1,2: ドイツ勝ち,1: 日本勝ち,0: 引き分け,2: ポルトガル勝ち,0: 引き分け,2: オランダ勝ち,0: 引き分け,2: フランス勝ち,2: イングランド勝ち,0: 引き分け,2: アルゼンチン勝ち,2: ベルギー勝ち,1: クロアチア勝ち,2102020220221,2,1,0,2,0,2,0,2,2,0,2,2,1,direct,188,1,-7.435498,重複なしの直接購入行。1行を1口だけ買う。
189,18900,2 1 0 2 2 2 0 0 2 1 2 2 1,2: ドイツ勝ち,1: 日本勝ち,0: 引き分け,2: ポルトガル勝ち,2: オーストリア勝ち,2: オランダ勝ち,0: 引き分け,0: 引き分け,2: イングランド勝ち,1: コンゴ民主共和国勝ち,2: アルゼンチン勝ち,2: ベルギー勝ち,1: クロアチア勝ち,2102220021221,2,1,0,2,2,2,0,0,2,1,2,2,1,direct,189,1,-7.437429,重複なしの直接購入行。1行を1口だけ買う。
190,19000,2 1 2 0 2 2 0 0 2 0 2 2 0,2: ドイツ勝ち,1: 日本勝ち,2: スペイン勝ち,0: 引き分け,2: オーストリア勝ち,2: オランダ勝ち,0: 引き分け,0: 引き分け,2: イングランド勝ち,0: 引き分け,2: アルゼンチン勝ち,2: ベルギー勝ち,0: 引き分け,2120220020220,2,1,2,0,2,2,0,0,2,0,2,2,0,direct,190,1,-7.437728,重複なしの直接購入行。1行を1口だけ買う。
191,19100,2 0 2 2 0 2 2 2 2 0 2 2 1,2: ドイツ勝ち,0: 引き分け,2: スペイン勝ち,2: ポルトガル勝ち,0: 引き分け,2: オランダ勝ち,2: オーストラリア勝ち,2: フランス勝ち,2: イングランド勝ち,0: 引き分け,2: アルゼンチン勝ち,2: ベルギー勝ち,1: クロアチア勝ち,2022022220221,2,0,2,2,0,2,2,2,2,0,2,2,1,direct,191,1,-7.438500,重複なしの直接購入行。1行を1口だけ買う。
192,19200,2 0 2 2 2 2 2 0 2 1 2 2 1,2: ドイツ勝ち,0: 引き分け,2: スペイン勝ち,2: ポルトガル勝ち,2: オーストリア勝ち,2: オランダ勝ち,2: オーストラリア勝ち,0: 引き分け,2: イングランド勝ち,1: コンゴ民主共和国勝ち,2: アルゼンチン勝ち,2: ベルギー勝ち,1: クロアチア勝ち,2022222021221,2,0,2,2,2,2,2,0,2,1,2,2,1,direct,192,1,-7.440431,重複なしの直接購入行。1行を1口だけ買う。
193,19300,2 1 2 2 2 2 0 2 2 1 2 0 1,2: ドイツ勝ち,1: 日本勝ち,2: スペイン勝ち,2: ポルトガル勝ち,2: オーストリア勝ち,2: オランダ勝ち,0: 引き分け,2: フランス勝ち,2: イングランド勝ち,1: コンゴ民主共和国勝ち,2: アルゼンチン勝ち,0: 引き分け,1: クロアチア勝ち,2122220221201,2,1,2,2,2,2,0,2,2,1,2,0,1,direct,193,1,-7.440978,重複なしの直接購入行。1行を1口だけ買う。
194,19400,0 1 2 2 2 2 0 2 2 1 2 2 0,0: 引き分け,1: 日本勝ち,2: スペイン勝ち,2: ポルトガル勝ち,2: オーストリア勝ち,2: オランダ勝ち,0: 引き分け,2: フランス勝ち,2: イングランド勝ち,1: コンゴ民主共和国勝ち,2: アルゼンチン勝ち,2: ベルギー勝ち,0: 引き分け,0122220221220,0,1,2,2,2,2,0,2,2,1,2,2,0,direct,194,1,-7.441568,重複なしの直接購入行。1行を1口だけ買う。
195,19500,2 1 2 0 0 2 2 2 2 2 2 2 1,2: ドイツ勝ち,1: 日本勝ち,2: スペイン勝ち,0: 引き分け,0: 引き分け,2: オランダ勝ち,2: オーストラリア勝ち,2: フランス勝ち,2: イングランド勝ち,2: ウズベキスタン勝ち,2: アルゼンチン勝ち,2: ベルギー勝ち,1: クロアチア勝ち,2120022222221,2,1,2,0,0,2,2,2,2,2,2,2,1,direct,195,1,-7.442531,重複なしの直接購入行。1行を1口だけ買う。
196,19600,2 1 0 2 2 2 1 2 2 1 2 2 0,2: ドイツ勝ち,1: 日本勝ち,0: 引き分け,2: ポルトガル勝ち,2: オーストリア勝ち,2: オランダ勝ち,1: パラグアイ勝ち,2: フランス勝ち,2: イングランド勝ち,1: コンゴ民主共和国勝ち,2: アルゼンチン勝ち,2: ベルギー勝ち,0: 引き分け,2102221221220,2,1,0,2,2,2,1,2,2,1,2,2,0,direct,196,1,-7.444590,重複なしの直接購入行。1行を1口だけ買う。
197,19700,2 1 2 2 0 2 0 0 2 0 2 2 0,2: ドイツ勝ち,1: 日本勝ち,2: スペイン勝ち,2: ポルトガル勝ち,0: 引き分け,2: オランダ勝ち,0: 引き分け,0: 引き分け,2: イングランド勝ち,0: 引き分け,2: アルゼンチン勝ち,2: ベルギー勝ち,0: 引き分け,2122020020220,2,1,2,2,0,2,0,0,2,0,2,2,0,direct,197,1,-7.447764,重複なしの直接購入行。1行を1口だけ買う。
198,19800,2 1 0 0 0 2 2 2 2 1 2 2 0,2: ドイツ勝ち,1: 日本勝ち,0: 引き分け,0: 引き分け,0: 引き分け,2: オランダ勝ち,2: オーストラリア勝ち,2: フランス勝ち,2: イングランド勝ち,1: コンゴ民主共和国勝ち,2: アルゼンチン勝ち,2: ベルギー勝ち,0: 引き分け,2100022221220,2,1,0,0,0,2,2,2,2,1,2,2,0,direct,198,1,-7.452401,重複なしの直接購入行。1行を1口だけ買う。
199,19900,2 1 0 1 2 2 0 2 2 1 2 2 1,2: ドイツ勝ち,1: 日本勝ち,0: 引き分け,1: コロンビア勝ち,2: オーストリア勝ち,2: オランダ勝ち,0: 引き分け,2: フランス勝ち,2: イングランド勝ち,1: コンゴ民主共和国勝ち,2: アルゼンチン勝ち,2: ベルギー勝ち,1: クロアチア勝ち,2101220221221,2,1,0,1,2,2,0,2,2,1,2,2,1,direct,199,1,-7.467842,重複なしの直接購入行。1行を1口だけ買う。
200,20000,2 0 2 1 2 2 2 2 2 1 2 2 1,2: ドイツ勝ち,0: 引き分け,2: スペイン勝ち,1: コロンビア勝ち,2: オーストリア勝ち,2: オランダ勝ち,2: オーストラリア勝ち,2: フランス勝ち,2: イングランド勝ち,1: コンゴ民主共和国勝ち,2: アルゼンチン勝ち,2: ベルギー勝ち,1: クロアチア勝ち,2021222221221,2,0,2,1,2,2,2,2,2,1,2,2,1,direct,200,1,-7.470844,重複なしの直接購入行。1行を1口だけ買う。
