rank,bucket,amount_cumulative_yen,signature,match_1,match_2,match_3,match_4,match_5,match_6,match_7,match_8,match_9,match_10,match_11,match_12,match_13,note
1,core,100,1212111112111,1,2,1,2,1,1,1,1,1,2,1,1,1,推奨コア
2,core,200,1212111012111,1,2,1,2,1,1,1,0,1,2,1,1,1,推奨コア
3,core,300,1212111110111,1,2,1,2,1,1,1,1,1,0,1,1,1,推奨コア
4,core,400,1212101112111,1,2,1,2,1,0,1,1,1,2,1,1,1,推奨コア
5,core,500,1212111212111,1,2,1,2,1,1,1,2,1,2,1,1,1,推奨コア
6,core,600,1212111010111,1,2,1,2,1,1,1,0,1,0,1,1,1,推奨コア
7,core,700,1212101012111,1,2,1,2,1,0,1,0,1,2,1,1,1,推奨コア
8,core,800,1212101110111,1,2,1,2,1,0,1,1,1,0,1,1,1,推奨コア
9,core,900,1212121112111,1,2,1,2,1,2,1,1,1,2,1,1,1,推奨コア
10,core,1000,1212111210111,1,2,1,2,1,1,1,2,1,0,1,1,1,推奨コア
11,core,1100,1212101212111,1,2,1,2,1,0,1,2,1,2,1,1,1,推奨コア
12,core,1200,1012111112111,1,0,1,2,1,1,1,1,1,2,1,1,1,推奨コア
13,core,1300,1212101010111,1,2,1,2,1,0,1,0,1,0,1,1,1,推奨コア
14,core,1400,1212121012111,1,2,1,2,1,2,1,0,1,2,1,1,1,推奨コア
15,core,1500,1212121110111,1,2,1,2,1,2,1,1,1,0,1,1,1,推奨コア
16,core,1600,1212101210111,1,2,1,2,1,0,1,2,1,0,1,1,1,推奨コア
17,core,1700,1012111012111,1,0,1,2,1,1,1,0,1,2,1,1,1,推奨コア
18,core,1800,1212121212111,1,2,1,2,1,2,1,2,1,2,1,1,1,推奨コア
19,core,1900,1012111110111,1,0,1,2,1,1,1,1,1,0,1,1,1,推奨コア
20,core,2000,1012101112111,1,0,1,2,1,0,1,1,1,2,1,1,1,推奨コア
21,core,2100,1012111212111,1,0,1,2,1,1,1,2,1,2,1,1,1,推奨コア
22,core,2200,1212121010111,1,2,1,2,1,2,1,0,1,0,1,1,1,推奨コア
23,core,2300,1012111010111,1,0,1,2,1,1,1,0,1,0,1,1,1,推奨コア
24,core,2400,1212121210111,1,2,1,2,1,2,1,2,1,0,1,1,1,推奨コア
25,core,2500,1012101012111,1,0,1,2,1,0,1,0,1,2,1,1,1,推奨コア
26,core,2600,1012101110111,1,0,1,2,1,0,1,1,1,0,1,1,1,推奨コア
27,core,2700,1012121112111,1,0,1,2,1,2,1,1,1,2,1,1,1,推奨コア
28,core,2800,1012111210111,1,0,1,2,1,1,1,2,1,0,1,1,1,推奨コア
29,core,2900,1012101212111,1,0,1,2,1,0,1,2,1,2,1,1,1,推奨コア
30,core,3000,1012101010111,1,0,1,2,1,0,1,0,1,0,1,1,1,推奨コア
31,core,3100,1012121012111,1,0,1,2,1,2,1,0,1,2,1,1,1,推奨コア
32,core,3200,1012121110111,1,0,1,2,1,2,1,1,1,0,1,1,1,推奨コア
33,core,3300,1012101210111,1,0,1,2,1,0,1,2,1,0,1,1,1,推奨コア
34,core,3400,1012121212111,1,0,1,2,1,2,1,2,1,2,1,1,1,推奨コア
35,core,3500,1012121010111,1,0,1,2,1,2,1,0,1,0,1,1,1,推奨コア
36,core,3600,1012121210111,1,0,1,2,1,2,1,2,1,0,1,1,1,推奨コア
37,hedge,3700,1212011112111,1,2,1,2,0,1,1,1,1,2,1,1,1,追加ヘッジ
38,hedge,3800,1212110112111,1,2,1,2,1,1,0,1,1,2,1,1,1,追加ヘッジ
39,hedge,3900,0212111112111,0,2,1,2,1,1,1,1,1,2,1,1,1,追加ヘッジ
40,hedge,4000,1212111111111,1,2,1,2,1,1,1,1,1,1,1,1,1,追加ヘッジ
41,hedge,4100,1202111112111,1,2,0,2,1,1,1,1,1,2,1,1,1,追加ヘッジ
42,hedge,4200,1212011012111,1,2,1,2,0,1,1,0,1,2,1,1,1,追加ヘッジ
43,hedge,4300,1212011110111,1,2,1,2,0,1,1,1,1,0,1,1,1,追加ヘッジ
44,hedge,4400,1212110012111,1,2,1,2,1,1,0,0,1,2,1,1,1,追加ヘッジ
45,hedge,4500,1212001112111,1,2,1,2,0,0,1,1,1,2,1,1,1,追加ヘッジ
46,hedge,4600,1212110110111,1,2,1,2,1,1,0,1,1,0,1,1,1,追加ヘッジ
47,hedge,4700,1212100112111,1,2,1,2,1,0,0,1,1,2,1,1,1,追加ヘッジ
48,hedge,4800,0212111012111,0,2,1,2,1,1,1,0,1,2,1,1,1,追加ヘッジ
49,hedge,4900,0212111110111,0,2,1,2,1,1,1,1,1,0,1,1,1,追加ヘッジ
50,hedge,5000,0212101112111,0,2,1,2,1,0,1,1,1,2,1,1,1,追加ヘッジ
51,hedge,5100,1212111011111,1,2,1,2,1,1,1,0,1,1,1,1,1,追加ヘッジ
52,hedge,5200,1212111102111,1,2,1,2,1,1,1,1,0,2,1,1,1,追加ヘッジ
53,hedge,5300,1212011212111,1,2,1,2,0,1,1,2,1,2,1,1,1,追加ヘッジ
54,hedge,5400,1212101111111,1,2,1,2,1,0,1,1,1,1,1,1,1,追加ヘッジ
55,hedge,5500,1212110212111,1,2,1,2,1,1,0,2,1,2,1,1,1,追加ヘッジ
56,hedge,5600,0212111212111,0,2,1,2,1,1,1,2,1,2,1,1,1,追加ヘッジ
57,hedge,5700,1212111211111,1,2,1,2,1,1,1,2,1,1,1,1,1,追加ヘッジ
58,hedge,5800,1210111112111,1,2,1,0,1,1,1,1,1,2,1,1,1,追加ヘッジ
59,hedge,5900,1202111012111,1,2,0,2,1,1,1,0,1,2,1,1,1,追加ヘッジ
60,hedge,6000,1202111110111,1,2,0,2,1,1,1,1,1,0,1,1,1,追加ヘッジ
61,hedge,6100,1202101112111,1,2,0,2,1,0,1,1,1,2,1,1,1,追加ヘッジ
62,hedge,6200,1212111112011,1,2,1,2,1,1,1,1,1,2,0,1,1,追加ヘッジ
63,hedge,6300,1202111212111,1,2,0,2,1,1,1,2,1,2,1,1,1,追加ヘッジ
64,hedge,6400,1212111112101,1,2,1,2,1,1,1,1,1,2,1,0,1,追加ヘッジ
65,hedge,6500,1212011010111,1,2,1,2,0,1,1,0,1,0,1,1,1,追加ヘッジ
66,hedge,6600,1212001012111,1,2,1,2,0,0,1,0,1,2,1,1,1,追加ヘッジ
67,hedge,6700,1212111112110,1,2,1,2,1,1,1,1,1,2,1,1,0,追加ヘッジ
68,hedge,6800,1212110010111,1,2,1,2,1,1,0,0,1,0,1,1,1,追加ヘッジ
69,hedge,6900,1212001110111,1,2,1,2,0,0,1,1,1,0,1,1,1,追加ヘッジ
70,hedge,7000,1212100012111,1,2,1,2,1,0,0,0,1,2,1,1,1,追加ヘッジ
71,hedge,7100,1212100110111,1,2,1,2,1,0,0,1,1,0,1,1,1,追加ヘッジ
72,hedge,7200,0212111010111,0,2,1,2,1,1,1,0,1,0,1,1,1,追加ヘッジ
73,hedge,7300,0212101012111,0,2,1,2,1,0,1,0,1,2,1,1,1,追加ヘッジ
74,hedge,7400,0212101110111,0,2,1,2,1,0,1,1,1,0,1,1,1,追加ヘッジ
75,hedge,7500,1212111002111,1,2,1,2,1,1,1,0,0,2,1,1,1,追加ヘッジ
76,hedge,7600,1212021112111,1,2,1,2,0,2,1,1,1,2,1,1,1,追加ヘッジ
77,hedge,7700,1212101011111,1,2,1,2,1,0,1,0,1,1,1,1,1,追加ヘッジ
78,hedge,7800,1212111100111,1,2,1,2,1,1,1,1,0,0,1,1,1,追加ヘッジ
79,hedge,7900,1212011210111,1,2,1,2,0,1,1,2,1,0,1,1,1,追加ヘッジ
80,hedge,8000,1212120112111,1,2,1,2,1,2,0,1,1,2,1,1,1,追加ヘッジ
81,hedge,8100,1212101102111,1,2,1,2,1,0,1,1,0,2,1,1,1,追加ヘッジ
82,hedge,8200,1212001212111,1,2,1,2,0,0,1,2,1,2,1,1,1,追加ヘッジ
83,hedge,8300,1112111112111,1,1,1,2,1,1,1,1,1,2,1,1,1,追加ヘッジ
84,hedge,8400,1212110210111,1,2,1,2,1,1,0,2,1,0,1,1,1,追加ヘッジ
85,hedge,8500,1212100212111,1,2,1,2,1,0,0,2,1,2,1,1,1,追加ヘッジ
86,hedge,8600,0212121112111,0,2,1,2,1,2,1,1,1,2,1,1,1,追加ヘッジ
87,hedge,8700,0212111210111,0,2,1,2,1,1,1,2,1,0,1,1,1,追加ヘッジ
88,hedge,8800,0212101212111,0,2,1,2,1,0,1,2,1,2,1,1,1,追加ヘッジ
89,hedge,8900,1212121111111,1,2,1,2,1,2,1,1,1,1,1,1,1,追加ヘッジ
90,hedge,9000,1012011112111,1,0,1,2,0,1,1,1,1,2,1,1,1,追加ヘッジ
91,hedge,9100,1212111202111,1,2,1,2,1,1,1,2,0,2,1,1,1,追加ヘッジ
92,hedge,9200,2212111112111,2,2,1,2,1,1,1,1,1,2,1,1,1,追加ヘッジ
93,hedge,9300,1210111012111,1,2,1,0,1,1,1,0,1,2,1,1,1,追加ヘッジ
94,hedge,9400,1212101211111,1,2,1,2,1,0,1,2,1,1,1,1,1,追加ヘッジ
95,hedge,9500,1012110112111,1,0,1,2,1,1,0,1,1,2,1,1,1,追加ヘッジ
96,hedge,9600,1210111110111,1,2,1,0,1,1,1,1,1,0,1,1,1,追加ヘッジ
97,hedge,9700,1210101112111,1,2,1,0,1,0,1,1,1,2,1,1,1,追加ヘッジ
98,hedge,9800,1202111010111,1,2,0,2,1,1,1,0,1,0,1,1,1,追加ヘッジ
99,hedge,9900,1202101012111,1,2,0,2,1,0,1,0,1,2,1,1,1,追加ヘッジ
100,hedge,10000,0012111112111,0,0,1,2,1,1,1,1,1,2,1,1,1,追加ヘッジ
101,hedge,10100,1202101110111,1,2,0,2,1,0,1,1,1,0,1,1,1,追加ヘッジ
102,hedge,10200,1212111012011,1,2,1,2,1,1,1,0,1,2,0,1,1,追加ヘッジ
103,hedge,10300,1212211112111,1,2,1,2,2,1,1,1,1,2,1,1,1,追加ヘッジ
104,hedge,10400,1012111111111,1,0,1,2,1,1,1,1,1,1,1,1,1,追加ヘッジ
105,hedge,10500,1212111110011,1,2,1,2,1,1,1,1,1,0,0,1,1,追加ヘッジ
106,hedge,10600,1212101112011,1,2,1,2,1,0,1,1,1,2,0,1,1,追加ヘッジ
107,hedge,10700,1210111212111,1,2,1,0,1,1,1,2,1,2,1,1,1,追加ヘッジ
108,hedge,10800,1202121112111,1,2,0,2,1,2,1,1,1,2,1,1,1,追加ヘッジ
109,hedge,10900,1212111012101,1,2,1,2,1,1,1,0,1,2,1,0,1,追加ヘッジ
110,hedge,11000,1202111210111,1,2,0,2,1,1,1,2,1,0,1,1,1,追加ヘッジ
111,hedge,11100,1212111110101,1,2,1,2,1,1,1,1,1,0,1,0,1,追加ヘッジ
112,hedge,11200,1202101212111,1,2,0,2,1,0,1,2,1,2,1,1,1,追加ヘッジ
113,hedge,11300,1212112112111,1,2,1,2,1,1,2,1,1,2,1,1,1,追加ヘッジ
114,hedge,11400,1212101112101,1,2,1,2,1,0,1,1,1,2,1,0,1,追加ヘッジ
115,hedge,11500,1212111012110,1,2,1,2,1,1,1,0,1,2,1,1,0,追加ヘッジ
116,hedge,11600,1212111212011,1,2,1,2,1,1,1,2,1,2,0,1,1,追加ヘッジ
117,hedge,11700,1212001010111,1,2,1,2,0,0,1,0,1,0,1,1,1,追加ヘッジ
118,hedge,11800,1212111110110,1,2,1,2,1,1,1,1,1,0,1,1,0,追加ヘッジ
119,hedge,11900,1212101112110,1,2,1,2,1,0,1,1,1,2,1,1,0,追加ヘッジ
120,hedge,12000,1212100010111,1,2,1,2,1,0,0,0,1,0,1,1,1,追加ヘッジ
121,hedge,12100,1002111112111,1,0,0,2,1,1,1,1,1,2,1,1,1,追加ヘッジ
122,hedge,12200,1212111212101,1,2,1,2,1,1,1,2,1,2,1,0,1,追加ヘッジ
123,hedge,12300,0212101010111,0,2,1,2,1,0,1,0,1,0,1,1,1,追加ヘッジ
124,hedge,12400,1212021012111,1,2,1,2,0,2,1,0,1,2,1,1,1,追加ヘッジ
125,hedge,12500,1212111000111,1,2,1,2,1,1,1,0,0,0,1,1,1,追加ヘッジ
126,hedge,12600,1212021110111,1,2,1,2,0,2,1,1,1,0,1,1,1,追加ヘッジ
127,hedge,12700,1212120012111,1,2,1,2,1,2,0,0,1,2,1,1,1,追加ヘッジ
128,hedge,12800,1212101002111,1,2,1,2,1,0,1,0,0,2,1,1,1,追加ヘッジ
129,hedge,12900,1212111212110,1,2,1,2,1,1,1,2,1,2,1,1,0,追加ヘッジ
130,hedge,13000,1112111012111,1,1,1,2,1,1,1,0,1,2,1,1,1,追加ヘッジ
131,hedge,13100,1222111112111,1,2,2,2,1,1,1,1,1,2,1,1,1,追加ヘッジ
132,hedge,13200,1212120110111,1,2,1,2,1,2,0,1,1,0,1,1,1,追加ヘッジ
133,hedge,13300,1212101100111,1,2,1,2,1,0,1,1,0,0,1,1,1,追加ヘッジ
134,hedge,13400,1212001210111,1,2,1,2,0,0,1,2,1,0,1,1,1,追加ヘッジ
135,hedge,13500,1112111110111,1,1,1,2,1,1,1,1,1,0,1,1,1,追加ヘッジ
136,hedge,13600,1112101112111,1,1,1,2,1,0,1,1,1,2,1,1,1,追加ヘッジ
137,hedge,13700,1212100210111,1,2,1,2,1,0,0,2,1,0,1,1,1,追加ヘッジ
138,hedge,13800,0212121012111,0,2,1,2,1,2,1,0,1,2,1,1,1,追加ヘッジ
139,hedge,13900,0212121110111,0,2,1,2,1,2,1,1,1,0,1,1,1,追加ヘッジ
140,hedge,14000,1212121011111,1,2,1,2,1,2,1,0,1,1,1,1,1,追加ヘッジ
141,hedge,14100,1012011012111,1,0,1,2,0,1,1,0,1,2,1,1,1,追加ヘッジ
142,hedge,14200,0212101210111,0,2,1,2,1,0,1,2,1,0,1,1,1,追加ヘッジ
143,hedge,14300,1212121102111,1,2,1,2,1,2,1,1,0,2,1,1,1,追加ヘッジ
144,hedge,14400,2212111012111,2,2,1,2,1,1,1,0,1,2,1,1,1,追加ヘッジ
145,hedge,14500,1212021212111,1,2,1,2,0,2,1,2,1,2,1,1,1,追加ヘッジ
146,hedge,14600,1012011110111,1,0,1,2,0,1,1,1,1,0,1,1,1,追加ヘッジ
147,hedge,14700,1212111200111,1,2,1,2,1,1,1,2,0,0,1,1,1,追加ヘッジ
148,hedge,14800,1012110012111,1,0,1,2,1,1,0,0,1,2,1,1,1,追加ヘッジ
149,hedge,14900,2212111110111,2,2,1,2,1,1,1,1,1,0,1,1,1,追加ヘッジ
150,hedge,15000,1012001112111,1,0,1,2,0,0,1,1,1,2,1,1,1,追加ヘッジ
151,hedge,15100,1212120212111,1,2,1,2,1,2,0,2,1,2,1,1,1,追加ヘッジ
152,hedge,15200,1210111010111,1,2,1,0,1,1,1,0,1,0,1,1,1,追加ヘッジ
153,hedge,15300,1212101202111,1,2,1,2,1,0,1,2,0,2,1,1,1,追加ヘッジ
154,hedge,15400,2212101112111,2,2,1,2,1,0,1,1,1,2,1,1,1,追加ヘッジ
155,hedge,15500,1012110110111,1,0,1,2,1,1,0,1,1,0,1,1,1,追加ヘッジ
156,hedge,15600,1112111212111,1,1,1,2,1,1,1,2,1,2,1,1,1,追加ヘッジ
157,hedge,15700,1210101012111,1,2,1,0,1,0,1,0,1,2,1,1,1,追加ヘッジ
158,hedge,15800,1012100112111,1,0,1,2,1,0,0,1,1,2,1,1,1,追加ヘッジ
159,hedge,15900,1210101110111,1,2,1,0,1,0,1,1,1,0,1,1,1,追加ヘッジ
160,hedge,16000,0012111012111,0,0,1,2,1,1,1,0,1,2,1,1,1,追加ヘッジ
161,hedge,16100,1202101010111,1,2,0,2,1,0,1,0,1,0,1,1,1,追加ヘッジ
162,hedge,16200,0212121212111,0,2,1,2,1,2,1,2,1,2,1,1,1,追加ヘッジ
163,hedge,16300,0012111110111,0,0,1,2,1,1,1,1,1,0,1,1,1,追加ヘッジ
164,hedge,16400,0012101112111,0,0,1,2,1,0,1,1,1,2,1,1,1,追加ヘッジ
165,hedge,16500,1212211012111,1,2,1,2,2,1,1,0,1,2,1,1,1,追加ヘッジ
166,hedge,16600,1012111011111,1,0,1,2,1,1,1,0,1,1,1,1,1,追加ヘッジ
167,hedge,16700,1212111010011,1,2,1,2,1,1,1,0,1,0,0,1,1,追加ヘッジ
168,hedge,16800,1212121211111,1,2,1,2,1,2,1,2,1,1,1,1,1,追加ヘッジ
169,hedge,16900,1212211110111,1,2,1,2,2,1,1,1,1,0,1,1,1,追加ヘッジ
170,hedge,17000,1012111102111,1,0,1,2,1,1,1,1,0,2,1,1,1,追加ヘッジ
171,hedge,17100,1212101012011,1,2,1,2,1,0,1,0,1,2,0,1,1,追加ヘッジ
172,hedge,17200,1012011212111,1,0,1,2,0,1,1,2,1,2,1,1,1,追加ヘッジ
173,hedge,17300,1212201112111,1,2,1,2,2,0,1,1,1,2,1,1,1,追加ヘッジ
174,hedge,17400,1012101111111,1,0,1,2,1,0,1,1,1,1,1,1,1,追加ヘッジ
175,hedge,17500,2212111212111,2,2,1,2,1,1,1,2,1,2,1,1,1,追加ヘッジ
176,hedge,17600,1212101110011,1,2,1,2,1,0,1,1,1,0,0,1,1,追加ヘッジ
177,hedge,17700,1210121112111,1,2,1,0,1,2,1,1,1,2,1,1,1,追加ヘッジ
178,hedge,17800,1012110212111,1,0,1,2,1,1,0,2,1,2,1,1,1,追加ヘッジ
179,hedge,17900,1202121012111,1,2,0,2,1,2,1,0,1,2,1,1,1,追加ヘッジ
180,hedge,18000,1210111210111,1,2,1,0,1,1,1,2,1,0,1,1,1,追加ヘッジ
181,hedge,18100,1210101212111,1,2,1,0,1,0,1,2,1,2,1,1,1,追加ヘッジ
182,hedge,18200,1202121110111,1,2,0,2,1,2,1,1,1,0,1,1,1,追加ヘッジ
183,hedge,18300,1212111010101,1,2,1,2,1,1,1,0,1,0,1,0,1,追加ヘッジ
184,hedge,18400,1212112012111,1,2,1,2,1,1,2,0,1,2,1,1,1,追加ヘッジ
185,hedge,18500,1212101012101,1,2,1,2,1,0,1,0,1,2,1,0,1,追加ヘッジ
186,hedge,18600,0012111212111,0,0,1,2,1,1,1,2,1,2,1,1,1,追加ヘッジ
187,hedge,18700,1202101210111,1,2,0,2,1,0,1,2,1,0,1,1,1,追加ヘッジ
188,hedge,18800,1212112110111,1,2,1,2,1,1,2,1,1,0,1,1,1,追加ヘッジ
189,hedge,18900,1212101110101,1,2,1,2,1,0,1,1,1,0,1,0,1,追加ヘッジ
190,hedge,19000,1212121112011,1,2,1,2,1,2,1,1,1,2,0,1,1,追加ヘッジ
191,hedge,19100,1212102112111,1,2,1,2,1,0,2,1,1,2,1,1,1,追加ヘッジ
192,hedge,19200,1212111010110,1,2,1,2,1,1,1,0,1,0,1,1,0,追加ヘッジ
193,hedge,19300,1212211212111,1,2,1,2,2,1,1,2,1,2,1,1,1,追加ヘッジ
194,hedge,19400,1012111211111,1,0,1,2,1,1,1,2,1,1,1,1,1,追加ヘッジ
195,hedge,19500,1212111210011,1,2,1,2,1,1,1,2,1,0,0,1,1,追加ヘッジ
196,hedge,19600,1212101012110,1,2,1,2,1,0,1,0,1,2,1,1,0,追加ヘッジ
197,hedge,19700,1212101212011,1,2,1,2,1,0,1,2,1,2,0,1,1,追加ヘッジ
198,hedge,19800,1212111122111,1,2,1,2,1,1,1,1,2,2,1,1,1,追加ヘッジ
199,hedge,19900,1212101110110,1,2,1,2,1,0,1,1,1,0,1,1,0,追加ヘッジ
200,hedge,20000,1010111112111,1,0,1,0,1,1,1,1,1,2,1,1,1,追加ヘッジ
